"Chromosome","Start_Position","End_Position","Reference_Allele","Tumor_Seq_Allele2","Tumor_Sample_Barcode","Center"
"4",1807969,1807969,"C","T","GENIE-SAGE-1-1","SAGE"
"4",1807970,1807970,"C","T","GENIE-SAGE-1-1","SAGE"
"7",128846419,128846419,"C","T","GENIE-SAGE-1-1","SAGE"
"7",128851603,128851603,"C","T","GENIE-SAGE-1-1","SAGE"
"9",133747572,133747572,"C","T","GENIE-SAGE-1-1","SAGE"
"9",133747585,133747585,"C","T","GENIE-SAGE-1-1","SAGE"
"9",133747587,133747587,"G","A","GENIE-SAGE-1-1","SAGE"
"9",133747597,133747597,"C","T","GENIE-SAGE-1-1","SAGE"
"11",534323,534323,"C","T","GENIE-SAGE-1-1","SAGE"
"11",534325,534325,"C","T","GENIE-SAGE-1-1","SAGE"
"13",28610156,28610156,"G","A","GENIE-SAGE-1-1","SAGE"
"13",48955602,48955602,"A","G","GENIE-SAGE-1-1","SAGE"
"17",7577548,7577548,"C","T","GENIE-SAGE-1-1","SAGE"
"17",7578531,7578531,"C","T","GENIE-SAGE-1-1","SAGE"
"17",7578593,7578593,"C","T","GENIE-SAGE-1-1","SAGE"
"17",37881047,37881047,"C","T","GENIE-SAGE-1-1","SAGE"
"17",37881075,37881075,"C","T","GENIE-SAGE-1-1","SAGE"
"19",3118949,3118949,"G","A","GENIE-SAGE-1-1","SAGE"
"19",3121174,3121174,"C","T","GENIE-SAGE-1-1","SAGE"
"19",3121221,3121221,"C","T","GENIE-SAGE-1-1","SAGE"
"19",3121224,3121224,"C","T","GENIE-SAGE-1-1","SAGE"
"10",89685315,89685318,"GTAA","-","GENIE-SAGE-3-1","SAGE"
"11",108123551,108123551,"C","T","GENIE-SAGE-3-1","SAGE"
"17",7579377,7579377,"G","A","GENIE-SAGE-3-1","SAGE"
"10",89685315,89685318,"GTAA","-","GENIE-GOLD-3-1","GOLD"
"11",108123551,108123551,"C","T","GENIE-GOLD-3-1","GOLD"
"17",7579377,7579377,"G","A","GENIE-GOLD-3-1","GOLD"
"4",1807969,1807969,"C","T","GENIE-GOLD-1-1","GOLD"
"4",1807970,1807970,"C","T","GENIE-GOLD-1-1","GOLD"
"7",128846419,128846419,"C","T","GENIE-GOLD-1-1","GOLD"
"7",128851603,128851603,"C","T","GENIE-GOLD-1-1","GOLD"
"9",133747572,133747572,"C","T","GENIE-GOLD-1-1","GOLD"
"9",133747585,133747585,"C","T","GENIE-GOLD-1-1","GOLD"
"9",133747587,133747587,"G","A","GENIE-GOLD-1-1","GOLD"
"9",133747597,133747597,"C","T","GENIE-GOLD-1-1","GOLD"
"11",534323,534323,"C","T","GENIE-GOLD-1-1","GOLD"
"11",534325,534325,"C","T","GENIE-GOLD-1-1","GOLD"
"13",28610156,28610156,"G","A","GENIE-GOLD-1-1","GOLD"
"13",48955602,48955602,"A","G","GENIE-GOLD-1-1","GOLD"
"17",7577548,7577548,"C","T","GENIE-GOLD-1-1","GOLD"
"17",7578531,7578531,"C","T","GENIE-GOLD-1-1","GOLD"
"17",7578593,7578593,"C","T","GENIE-GOLD-1-1","GOLD"
"17",37881047,37881047,"C","T","GENIE-GOLD-1-1","GOLD"
"17",37881075,37881075,"C","T","GENIE-GOLD-1-1","GOLD"
"19",3118949,3118949,"G","A","GENIE-GOLD-1-1","GOLD"
"19",3121174,3121174,"C","T","GENIE-GOLD-1-1","GOLD"
"19",3121221,3121221,"C","T","GENIE-GOLD-1-1","GOLD"
"19",3121224,3121224,"C","T","GENIE-GOLD-1-1","GOLD"
