name,name_wt,mutant,dg_exp,ddg_exp,dg_ci95_low,dg_ci95_high,num_samples,sequence,wt_only_reference
1EM7_L7A,1EM7_L7A,False,-4.134299560102287,-0.0,-4.065503658552095,-4.21271445059791,7600,TTYKLIANGKTLKGETTTEAVDAETAERVFKEYAKKNGVDGEWTYDDATKTFTVTE,False
1EM7_L7A__T44V,1EM7_L7A,True,-3.5660376391359128,0.568261920966374,-3.533114656359534,-3.608632914962147,2900,TTYKLIANGKTLKGETTTEAVDAETAERVFKEYAKKNGVDGEWVYDDATKTFTVTE,False
1EM7_L7A__V39G,1EM7_L7A,True,-1.6038867137586357,2.530412846343652,-1.537350333508536,-1.676082514684874,200,TTYKLIANGKTLKGETTTEAVDAETAERVFKEYAKKNGGDGEWTYDDATKTFTVTE,False
1EM7_L7A__Y45R,1EM7_L7A,True,-0.7494164786694579,3.384883081432829,-0.6188726790942652,-0.8153520344029737,200,TTYKLIANGKTLKGETTTEAVDAETAERVFKEYAKKNGVDGEWTRDDATKTFTVTE,False
1EM7_V54S,1EM7_V54S,False,-2.991508849357171,-0.0,-2.946222421314743,-3.0441499622542554,1100,TTYKLILNGKTLKGETTTEAVDAETAERVFKEYAKKNGVDGEWTYDDATKTFTSTE,False
1EM7_V54S__D40G,1EM7_V54S,True,-2.201550940705824,0.7899579086513469,-2.158738108919976,-2.2789878597978244,300,TTYKLILNGKTLKGETTTEAVDAETAERVFKEYAKKNGVGGEWTYDDATKTFTSTE,False
1EM7_V54S__D47W,1EM7_V54S,True,-2.3032597129296875,0.6882491364274834,-2.262590351125291,-2.3435736964956937,400,TTYKLILNGKTLKGETTTEAVDAETAERVFKEYAKKNGVDGEWTYDWATKTFTSTE,False
1EM7_V54S__V39A,1EM7_V54S,True,-1.65743799009967,1.3340708592575008,-1.574966747071472,-1.7449964828035565,200,TTYKLILNGKTLKGETTTEAVDAETAERVFKEYAKKNGADGEWTYDDATKTFTSTE,False
1ENH,1ENH,False,-2.6133610372863805,-0.0,-2.5661059634795222,-2.64829392708333,600,AFSSEQLARLKREFNENRYLTERRRQQLSSELGLNEAQIKIWFQNKRA,False
1ENH__L32G_F43N,1ENH,True,0.5914182230496716,3.204779260336052,0.7524729333148343,0.1899365495967178,200,AFSSEQLARLKREFNENRYLTERRRQQLSSEGGLNEAQIKIWNQNKRA,False
1ENH__Q6C,1ENH,True,-1.7039971386292438,0.9093638986571366,-1.512602659603083,-1.9094514203832524,200,AFSSECLARLKREFNENRYLTERRRQQLSSELGLNEAQIKIWFQNKRA,False
1ENH__S4V,1ENH,True,-2.783289451763821,-0.1699284144774404,-2.6932630023702013,-2.8891604731908407,800,AFSVEQLARLKREFNENRYLTERRRQQLSSELGLNEAQIKIWFQNKRA,False
1GB4_A27K,1GB4_A27K,False,-1.5692630878363758,-0.0,-1.507579667763256,-1.620545380422319,200,MTTFKLIINGKTLKGEITIEAVDAAEKEKIFKQYANDNGIDGEWTYDDATKTFTVTE,False
1GB4_A27K__D48P,1GB4_A27K,True,-1.51702190258994,0.0522411852464357,-1.427065423057693,-1.6179974763435256,200,MTTFKLIINGKTLKGEITIEAVDAAEKEKIFKQYANDNGIDGEWTYDPATKTFTVTE,False
1GB4_A27K__Q33P,1GB4_A27K,True,-0.039739722020894,1.529523365815482,0.0328871063289804,-0.1242087170400728,200,MTTFKLIINGKTLKGEITIEAVDAAEKEKIFKPYANDNGIDGEWTYDDATKTFTVTE,False
1GB4_A27K__T3R,1GB4_A27K,True,-1.5476405409494984,0.0216225468868773,-1.4963285596397382,-1.619729155333114,200,MTRFKLIINGKTLKGEITIEAVDAAEKEKIFKQYANDNGIDGEWTYDDATKTFTVTE,False
1GB4_F53D,1GB4_F53D,False,-1.6553057429846838,-0.0,-1.557870354189987,-1.7451072361197235,200,MTTFKLIINGKTLKGEITIEAVDAAEAEKIFKQYANDNGIDGEWTYDDATKTDTVTE,False
1GB4_F53D__D48Y,1GB4_F53D,True,-1.6811834208820595,-0.0258776778973757,-1.6068322962668222,-1.771378115363542,200,MTTFKLIINGKTLKGEITIEAVDAAEAEKIFKQYANDNGIDGEWTYDYATKTDTVTE,False
1GB4_F53D__N38C,1GB4_F53D,True,-2.535970899201806,-0.8806651562171224,-2.430486721825009,-2.598496727610269,500,MTTFKLIINGKTLKGEITIEAVDAAEAEKIFKQYANDCGIDGEWTYDDATKTDTVTE,False
1GB4_F53D__T50V,1GB4_F53D,True,-0.978037981439864,0.6772677615448198,-0.889205506191411,-1.0683385728078263,200,MTTFKLIINGKTLKGEITIEAVDAAEAEKIFKQYANDNGIDGEWTYDDAVKTDTVTE,False
1GJS,1GJS,False,-3.156290559068143,-0.0,-3.101458141388889,-3.2199267474605,1500,NSLAEAKVLANRELDKYGVSDYYKNLINNAKTVEGVKALIDEILA,False
1GJS__A38S,1GJS,True,-2.9058380690762045,0.2504524899919387,-2.8061849698721524,-2.977638573263514,1000,NSLAEAKVLANRELDKYGVSDYYKNLINNAKTVEGVKSLIDEILA,False
1GJS__L3H,1GJS,True,0.6144671305276268,3.77075768959577,0.7160992123373214,0.5406395846089201,200,NSHAEAKVLANRELDKYGVSDYYKNLINNAKTVEGVKALIDEILA,False
1GJS__L3K,1GJS,True,0.3346643148451569,3.4909548739133003,0.4103078277097093,0.2817873624792187,200,NSKAEAKVLANRELDKYGVSDYYKNLINNAKTVEGVKALIDEILA,False
1PGA_L5A,1PGA_L5A,False,-2.4406788714920147,-0.0,-2.395189903778152,-2.498901755226094,500,MTYKAILNGKTLKGETTTEAVDAATAEKVFKQYANDNGVDGEWTYDDATKTFTVTE,False
1PGA_L5A__D36V,1PGA_L5A,True,-1.778222396328803,0.6624564751632116,-1.6743543121967663,-1.857439006503572,200,MTYKAILNGKTLKGETTTEAVDAATAEKVFKQYANVNGVDGEWTYDDATKTFTVTE,False
1PGA_L5A__T18H,1PGA_L5A,True,-1.4264108057710625,1.0142680657209522,-1.3638974245487,-1.5016115773960068,200,MTYKAILNGKTLKGETTHEAVDAATAEKVFKQYANDNGVDGEWTYDDATKTFTVTE,False
1PGA_L5A__T53R,1PGA_L5A,True,-1.4328848983232096,1.007793973168805,-1.38244330377054,-1.496691230992441,200,MTYKAILNGKTLKGETTTEAVDAATAEKVFKQYANDNGVDGEWTYDDATKTFRVTE,False
1PGA_L7S,1PGA_L7S,False,-2.988407025523304,-0.0,-2.879999136171315,-3.0969141352607297,1100,MTYKLISNGKTLKGETTTEAVDAATAEKVFKQYANDNGVDGEWTYDDATKTFTVTE,False
1PGA_L7S__A23G,1PGA_L7S,True,-1.1050753415203909,1.883331684002913,-1.037236971973171,-1.161978769044482,200,MTYKLISNGKTLKGETTTEAVDGATAEKVFKQYANDNGVDGEWTYDDATKTFTVTE,False
1PGA_L7S__K50S,1PGA_L7S,True,-1.4435604964216573,1.5448465291016469,-1.3279020751767394,-1.5226098424705732,200,MTYKLISNGKTLKGETTTEAVDAATAEKVFKQYANDNGVDGEWTYDDATSTFTVTE,False
1PGA_L7S__S7C,1PGA_L7S,True,-4.545379196399011,-1.5569721708757074,-4.491366559884932,-4.589797421014216,10000,MTYKLICNGKTLKGETTTEAVDAATAEKVFKQYANDNGVDGEWTYDDATKTFTVTE,False
1PGA_T51A,1PGA_T51A,False,-3.508330586144168,-0.0,-3.432846526628749,-3.5744664594993005,2600,MTYKLILNGKTLKGETTTEAVDAATAEKVFKQYANDNGVDGEWTYDDATKAFTVTE,False
1PGA_T51A__A24D,1PGA_T51A,True,-2.960561082792295,0.5477695033518719,-2.9072134234349964,-3.020440068299405,1100,MTYKLILNGKTLKGETTTEAVDADTAEKVFKQYANDNGVDGEWTYDDATKAFTVTE,False
1PGA_T51A__D40N,1PGA_T51A,True,-3.4217999440566844,0.0865306420874825,-3.342674676631264,-3.4883131887263854,2300,MTYKLILNGKTLKGETTTEAVDAATAEKVFKQYANDNGVNGEWTYDDATKAFTVTE,False
1PGA_T51A__L5K,1PGA_T51A,True,0.1622790216963727,3.67060960784054,0.2481261395538407,0.0885837410064265,200,MTYKKILNGKTLKGETTTEAVDAATAEKVFKQYANDNGVDGEWTYDDATKAFTVTE,False
1PGA_V39S,1PGA_V39S,False,-2.682309390544739,-0.0,-2.630516159668552,-2.732349967307786,700,MTYKLILNGKTLKGETTTEAVDAATAEKVFKQYANDNGSDGEWTYDDATKTFTVTE,False
1PGA_V39S__L7D,1PGA_V39S,True,0.3521716457424308,3.0344810362871697,0.4018748345651816,0.3203064065917679,200,MTYKLIDNGKTLKGETTTEAVDAATAEKVFKQYANDNGSDGEWTYDDATKTFTVTE,False
1PGA_V39S__T17M,1PGA_V39S,True,-2.156184625879833,0.5261247646649059,-2.011480883952056,-2.217706081787965,300,MTYKLILNGKTLKGETMTEAVDAATAEKVFKQYANDNGSDGEWTYDDATKTFTVTE,False
1PGX_A27S,1PGX_A27S,False,-2.752138420520832,-0.0,-2.7059565093912927,-2.7898223466648098,800,VTTYKLVINGKTLKGETTTKAVDAETSEKAFKQYANDNGVDGVWTYDDATKTFTVTEMV,False
1PGX_A27S__A35C,1PGX_A27S,True,-3.4155375724822417,-0.6633991519614097,-3.3583904175555457,-3.4732514299313872,2300,VTTYKLVINGKTLKGETTTKAVDAETSEKAFKQYCNDNGVDGVWTYDDATKTFTVTEMV,False
1PGX_A27S__D48F,1PGX_A27S,True,-2.0167703048708705,0.7353681156499614,-1.9428958948236432,-2.063494466848504,300,VTTYKLVINGKTLKGETTTKAVDAETSEKAFKQYANDNGVDGVWTYDFATKTFTVTEMV,False
1PGX_A27S__K51R,1PGX_A27S,True,-2.4240023195341536,0.3281361009866783,-2.3653271043270188,-2.513997239236066,500,VTTYKLVINGKTLKGETTTKAVDAETSEKAFKQYANDNGVDGVWTYDDATRTFTVTEMV,False
1TG0,1TG0,False,-2.3698659391776777,-0.0,-2.313050473880476,-2.4270565655948992,400,EVPFKVVAQFPYKSDYEDDLNFEKDQEIIVTSVEDAEWYFGEYQDSNGDVIEGIFPKSFVAVQG,False
1TG0__A36P,1TG0,True,-2.3979401236724223,-0.0280741844947445,-2.3033082950278856,-2.551170467961302,400,EVPFKVVAQFPYKSDYEDDLNFEKDQEIIVTSVEDPEWYFGEYQDSNGDVIEGIFPKSFVAVQG,False
1TG0__D45C_N47P,1TG0,True,-0.882666692325119,1.4871992468525588,-0.7888793985725564,-0.9401532343746016,200,EVPFKVVAQFPYKSDYEDDLNFEKDQEIIVTSVEDAEWYFGEYQCSPGDVIEGIFPKSFVAVQG,False
1TG0__E1N,1TG0,True,-2.408085619052569,-0.0382196798748912,-2.3434491197033527,-2.4598241679738715,500,NVPFKVVAQFPYKSDYEDDLNFEKDQEIIVTSVEDAEWYFGEYQDSNGDVIEGIFPKSFVAVQG,False
2AMI,2AMI,False,-2.299560063561505,-0.0,-2.2501472592197724,-2.3615261230289035,400,GLTEEQKQEIREAFDLFDTDGSGTIDAKELKVAMRALGFEPKKEEIKKMISEIDKDGSGTIDFEEFLTMMTA,False
2AMI__F14S_F63Y,2AMI,True,0.5865325864880224,2.886092650049528,0.6483808479816962,0.5222203181421843,200,GLTEEQKQEIREASDLFDTDGSGTIDAKELKVAMRALGFEPKKEEIKKMISEIDKDGSGTIDYEEFLTMMTA,False
2AMI__F63S,2AMI,True,-0.0892196106585473,2.2103404529029578,-0.0286622260388353,-0.1825224766191822,200,GLTEEQKQEIREAFDLFDTDGSGTIDAKELKVAMRALGFEPKKEEIKKMISEIDKDGSGTIDSEEFLTMMTA,False
2AMI__I10V_M70V,2AMI,True,-2.211840252107188,0.0877198114543169,-2.1826960265371147,-2.2620789763946902,300,GLTEEQKQEVREAFDLFDTDGSGTIDAKELKVAMRALGFEPKKEEIKKMISEIDKDGSGTIDFEEFLTMVTA,False
2JWS,2JWS,False,-3.4911014732160752,-0.0,-3.440089670209406,-3.5729850118343283,2600,LNLKQAKEEAIKELVDAGIAEKYIKLIANAKTVEGVWTLKDEILTFTV,False
2JWS__E8V,2JWS,True,-3.2252921668192847,0.2658093063967905,-2.9892541779015405,-3.324104907345596,1600,LNLKQAKVEAIKELVDAGIAEKYIKLIANAKTVEGVWTLKDEILTFTV,False
2JWS__I24D,2JWS,True,-0.5415761640947183,2.949525309121357,-0.5018495404482783,-0.6116304464065713,200,LNLKQAKEEAIKELVDAGIAEKYDKLIANAKTVEGVWTLKDEILTFTV,False
2JWS__K4M,2JWS,True,-3.282132040946915,0.2089694322691602,-3.207124602854511,-3.4413573648228986,1800,LNLMQAKEEAIKELVDAGIAEKYIKLIANAKTVEGVWTLKDEILTFTV,False
2JWT,2JWT,False,-2.332740960417545,-0.0,-2.2904694214059607,-2.371788915585913,400,RTAFSSEQLARLKREFNENRYLTERRRQQLSSELGLNEAQIKIWFQNKRA,False
2JWT__E15N,2JWT,True,0.0315264242020587,2.364267384619604,0.0850840537554303,-0.0105419680192421,200,RTAFSSEQLARLKRNFNENRYLTERRRQQLSSELGLNEAQIKIWFQNKRA,False
2JWT__F4C,2JWT,True,-1.5907864821529585,0.7419544782645864,-1.3988798832568072,-1.736207976905238,200,RTACSSEQLARLKREFNENRYLTERRRQQLSSELGLNEAQIKIWFQNKRA,False
2JWT__R11G_R26W,2JWT,True,-0.377364204097332,1.955376756320213,-0.3451580568405264,-0.4088379230315725,200,RTAFSSEQLAGLKREFNENRYLTERWRQQLSSELGLNEAQIKIWFQNKRA,False
2K2A,2K2A,False,-1.840228493407201,-0.0,-1.7999096155634056,-1.871052391104402,200,ELREAFRLYDKEGNGYISTDVMREILAELDETLSSEDLDAMIDEIDADGSGTVDFEEFMGVMT,False
2K2A__R7A,2K2A,True,-2.086961556339414,-0.2467330629322131,-1.9544768957867795,-2.183066005926805,300,ELREAFALYDKEGNGYISTDVMREILAELDETLSSEDLDAMIDEIDADGSGTVDFEEFMGVMT,False
2K2A__S50I_T52D,2K2A,True,0.2108952800737092,2.0511237734809105,0.3114305851497782,0.1293080660930998,200,ELREAFRLYDKEGNGYISTDVMREILAELDETLSSEDLDAMIDEIDADGIGDVDFEEFMGVMT,False
2K2A__S50L_T52N,2K2A,True,-0.7228695392326134,1.1173589541745876,-0.6306912347929454,-0.8041748045947396,200,ELREAFRLYDKEGNGYISTDVMREILAELDETLSSEDLDAMIDEIDADGLGNVDFEEFMGVMT,False
2M0C,2M0C,False,-3.425445371258625,-0.0,-3.34234497578489,-3.5151515666888384,2300,TFTSYQLEELEKVFQKTHYPDVYAREQLAMRTDLTEARVQVWFQNRRA,False
2M0C__T3G,2M0C,True,-1.2021568153401714,2.223288555918454,-1.136022346771929,-1.2809238744295786,200,TFGSYQLEELEKVFQKTHYPDVYAREQLAMRTDLTEARVQVWFQNRRA,False
2M0C__Y5T,2M0C,True,-2.7278715868852244,0.6975737843734011,-2.6883306745282227,-2.7801447680389817,700,TFTSTQLEELEKVFQKTHYPDVYAREQLAMRTDLTEARVQVWFQNRRA,False
2M8U,2M8U,False,-3.403495068433295,-0.0,-3.3624636334614704,-3.427742313437961,2200,TKAQVIEAFKVFDRDGNGYVTVDYLRKVLNELGDMMPADEIEEMIYEADPQNSGYVQYETFVGMLFL,False
2M8U__K2Q,2M8U,True,-3.3714971357062984,0.0319979327269961,-3.3110826635476767,-3.416316195896921,2100,TQAQVIEAFKVFDRDGNGYVTVDYLRKVLNELGDMMPADEIEEMIYEADPQNSGYVQYETFVGMLFL,False
2M8U__T60G,2M8U,True,-3.1692211108473884,0.234273957585906,-3.10008929611944,-3.2837130341160234,1500,TKAQVIEAFKVFDRDGNGYVTVDYLRKVLNELGDMMPADEIEEMIYEADPQNSGYVQYEGFVGMLFL,False
2M8U__T60N,2M8U,True,-3.5670584095660223,-0.1635633411327277,-3.432763320127296,-3.67009036260076,2900,TKAQVIEAFKVFDRDGNGYVTVDYLRKVLNELGDMMPADEIEEMIYEADPQNSGYVQYENFVGMLFL,False
2QFF,2QFF,False,-2.345188110906814,-0.0,-2.265248325296151,-2.4392625591728314,400,QNEKLANELKSLLDELNVNELATGSLNTYYKRTIKISGQKAMYALKSKDFKKMSEAKYQLQKIYNEIDEA,False
2QFF__K31F,2QFF,True,-1.8085830585338831,0.5366050523729307,-1.7017771450566033,-1.8620886874136773,200,QNEKLANELKSLLDELNVNELATGSLNTYYFRTIKISGQKAMYALKSKDFKKMSEAKYQLQKIYNEIDEA,False
2QFF__K4H,2QFF,True,-1.8431832388435672,0.5020048720632466,-1.7481215152894394,-1.8882048227865709,200,QNEHLANELKSLLDELNVNELATGSLNTYYKRTIKISGQKAMYALKSKDFKKMSEAKYQLQKIYNEIDEA,False
2QFF__M53N,2QFF,True,-0.1213327418956214,2.223855369011192,0.0029624380013736,-0.2917977519966234,200,QNEKLANELKSLLDELNVNELATGSLNTYYKRTIKISGQKAMYALKSKDFKKNSEAKYQLQKIYNEIDEA,False
2RRT,2RRT,False,-3.4432600015964767,-0.0,-3.4007722312465747,-3.496372918204937,2400,SEEEIREAFRVFDKDGNGYISAADLRHVMTNLGEKLTDEEVDEMIREADIDGDGQVNYEDFVQMMTA,False
2RRT__A48P,2RRT,True,-1.6441827102796671,1.7990772913168096,-1.5606355294682477,-1.7673830501238068,200,SEEEIREAFRVFDKDGNGYISAADLRHVMTNLGEKLTDEEVDEMIREPDIDGDGQVNYEDFVQMMTA,False
2RRT__F9P_F61V,2RRT,True,0.2256667494439844,3.668926751040461,0.3114953830633326,0.1325278422129404,200,SEEEIREAPRVFDKDGNGYISAADLRHVMTNLGEKLTDEEVDEMIREADIDGDGQVNYEDVVQMMTA,False
2RRT__I5W_M65T,2RRT,True,-2.4003158729302285,1.0429441286662482,-2.3539921967880955,-2.4362241597192176,400,SEEEWREAFRVFDKDGNGYISAADLRHVMTNLGEKLTDEEVDEMIREADIDGDGQVNYEDFVQMTTA,False
2ZW1_V55S,2ZW1_V55S,False,-2.8957878090211406,-0.0,-2.841963996038323,-2.9513694962667,1000,MDTYKLILNGKTLKGETTTEAVDAATAEKVFKHYANEHGVHGHWTYDPETKTFTSTE,False
2ZW1_V55S__T26C,2ZW1_V55S,True,-2.027609926544071,0.8681778824770698,-1.9868985581742284,-2.0959205564972496,300,MDTYKLILNGKTLKGETTTEAVDAACAEKVFKHYANEHGVHGHWTYDPETKTFTSTE,False
2ZW1_V55S__T3I,2ZW1_V55S,True,-2.840669319791084,0.0551184892300566,-2.7973030859715324,-2.8839209715171745,900,MDIYKLILNGKTLKGETTTEAVDAATAEKVFKHYANEHGVHGHWTYDPETKTFTSTE,False
2ZW1_V55S__V40A,2ZW1_V55S,True,-1.4705765782232163,1.4252112307979243,-1.408458678250737,-1.5290923224103188,200,MDTYKLILNGKTLKGETTTEAVDAATAEKVFKHYANEHGAHGHWTYDPETKTFTSTE,False
2ZW1_Y34A,2ZW1_Y34A,False,-3.7724799896815178,-0.0,-3.711268906828838,-3.8400131368159727,4100,MDTYKLILNGKTLKGETTTEAVDAATAEKVFKHAANEHGVHGHWTYDPETKTFTVTE,False
2ZW1_Y34A__E57H,2ZW1_Y34A,True,-2.539425743621175,1.2330542460603429,-2.477950997244811,-2.604605559254259,600,MDTYKLILNGKTLKGETTTEAVDAATAEKVFKHAANEHGVHGHWTYDPETKTFTVTH,False
2ZW1_Y34A__P48W,2ZW1_Y34A,True,-2.901065905584878,0.8714140840966396,-2.84391833067749,-2.946826798939514,1000,MDTYKLILNGKTLKGETTTEAVDAATAEKVFKHAANEHGVHGHWTYDWETKTFTVTE,False
2ZW1_Y34A__T12R,2ZW1_Y34A,True,-3.102065932661162,0.6704140570203556,-3.0364654056411395,-3.1754641950267253,1300,MDTYKLILNGKRLKGETTTEAVDAATAEKVFKHAANEHGVHGHWTYDPETKTFTVTE,False
4C26,4C26,False,-4.34249143997117,-0.0,-4.312161164881276,-4.371869861891397,10000,SELMNSSKLIRMLEEDGWRLVRVTGSAHHFKHPKKPGLVTVPHPKKDLPIGTVKSIQKSAGL,False
4C26__K58A,4C26,True,-4.4210381069706175,-0.0785466669994479,-4.37471605244321,-4.464490791411038,10000,SELMNSSKLIRMLEEDGWRLVRVTGSAHHFKHPKKPGLVTVPHPKKDLPIGTVKSIQASAGL,False
4C26__S6N_H43H,4C26,True,-1.617696798006761,2.724794641964409,-1.5697511715594663,-1.6697242789843088,200,SELMNNSKLIRMLEEDGWRLVRVTGSAHHFKHPKKPGLVTVPHPKKDLPIGTVKSIQKSAGL,False
4C26__W18F_H32E,4C26,True,-0.0559974173297211,4.286494022641448,0.0151354453590314,-0.0966860750720661,200,SELMNSSKLIRMLEEDGFRLVRVTGSAHHFKEPKKPGLVTVPHPKKDLPIGTVKSIQKSAGL,False
5UBS,5UBS,False,-3.226011846094196,-0.0,-3.169358691248882,-3.279276315174912,1700,MTFKLIINGKTLKGETTTEAVDAATAEKVFKQYFNDNGIDGEWTYDDATKTFTITE,False
5UBS__E15S,5UBS,True,-3.0243819479593936,0.2016298981348017,-2.880425307301392,-3.160537628499368,1200,MTFKLIINGKTLKGSTTTEAVDAATAEKVFKQYFNDNGIDGEWTYDDATKTFTITE,False
5UBS__K10C,5UBS,True,-3.676058591362171,-0.4500467452679757,-3.595453918046109,-3.762474944573482,3500,MTFKLIINGCTLKGETTTEAVDAATAEKVFKQYFNDNGIDGEWTYDDATKTFTITE,False
5UBS__N37D,5UBS,True,-2.44003335461906,0.7859784914751353,-2.333992728322455,-2.526518154199996,500,MTFKLIINGKTLKGETTTEAVDAATAEKVFKQYFNDDGIDGEWTYDDATKTFTITE,False
5UCE,5UCE,False,-2.0482911728773647,-0.0,-1.9775847613186304,-2.102545589595586,300,MTFKAIINGKTLKGETTTEAVDAATAEKVFKQYFNDNGLDGEWTYDDATKTFTVTE,False
5UCE__F34C_V54G,5UCE,True,0.2051973049501245,2.253488477827489,0.2678118648669959,0.1474739691805481,200,MTFKAIINGKTLKGETTTEAVDAATAEKVFKQYCNDNGLDGEWTYDDATKTFTGTE,False
5UCE__L39V,5UCE,True,-1.9822213431454867,0.066069829731878,-1.884945679073776,-2.221345191289318,200,MTFKAIINGKTLKGETTTEAVDAATAEKVFKQYFNDNGVDGEWTYDDATKTFTVTE,False
5UCE__T25L,5UCE,True,-1.005191155351686,1.0431000175256788,-0.965127253816979,-1.0580295632119945,200,MTFKAIINGKTLKGETTTEAVDAALAEKVFKQYFNDNGLDGEWTYDDATKTFTVTE,False
5Z2S,5Z2S,False,-1.9833787563537,-0.0,-1.945733490861381,-2.024721496198062,200,AVTGSQTALLLRAFEKDRFPGIAAREELARETGLPESRIQIWFQNRR,False
5Z2S__F19L,5Z2S,True,-0.4100518399206636,1.5733269164330366,-0.3522061083986752,-0.4268231153887606,200,AVTGSQTALLLRAFEKDRLPGIAAREELARETGLPESRIQIWFQNRR,False
5Z2S__G21L,5Z2S,True,-0.7183020851391834,1.265076671214517,-0.6917168062745472,-0.738117397925405,200,AVTGSQTALLLRAFEKDRFPLIAAREELARETGLPESRIQIWFQNRR,False
5Z2S__N45M,5Z2S,True,-1.9118590102315365,0.0715197461221637,-1.8359861258081245,-1.97229802152446,200,AVTGSQTALLLRAFEKDRFPGIAAREELARETGLPESRIQIWFQMRR,False
6FVC,6FVC,False,-1.321646747935977,-0.0,-1.2479780887572152,-1.3693583183357267,200,EQLARLKREFNENRYLTERRRQQLSSELGLNEAQIKIWFQNERA,False
6FVC__L24V,6FVC,True,0.315977701079878,1.637624449015855,0.3723742001704045,0.2596204947282125,200,EQLARLKREFNENRYLTERRRQQVSSELGLNEAQIKIWFQNERA,False
6FVC__L6Q,6FVC,True,0.3922483300629693,1.7138950779989464,0.4385850803454964,0.3642493220533252,200,EQLARQKREFNENRYLTERRRQQLSSELGLNEAQIKIWFQNERA,False
6FVC__S26G,6FVC,True,-0.8020772223976149,0.5195695255383621,-0.768794798973431,-0.850475353736208,200,EQLARLKREFNENRYLTERRRQQLSGELGLNEAQIKIWFQNERA,False
EA_run2_0290_0001,EA_run2_0290_0001,False,-4.402247414483901,-0.0,-4.352598082372978,-4.441946902291736,10000,LELTLRVGDKTWHFKDVDEEFVRHLEELLKRGAHEREIEEIIREWLR,False
EA_run2_0290_0001__E26I,EA_run2_0290_0001,True,-4.589555751773524,-0.1873083372896236,-4.5171469430338345,-4.71560920000012,10000,LELTLRVGDKTWHFKDVDEEFVRHLIELLKRGAHEREIEEIIREWLR,False
EA_run2_0290_0001__R43I,EA_run2_0290_0001,True,-4.375572522894124,0.0266748915897769,-4.341299644014095,-4.41576806810388,10000,LELTLRVGDKTWHFKDVDEEFVRHLEELLKRGAHEREIEEIIIEWLR,False
EA_run3_0525_0006,EA_run3_0525_0006,False,-3.939240861968586,-0.0,-3.8426878529200033,-4.045886806118653,5400,SHFELRVGTITLHFDNISEELAEELEKLAKNGVHADEIRRWWEEWLK,False
EA_run3_0525_0006__A22Q,EA_run3_0525_0006,True,-4.198944120343018,-0.2597032583744321,-4.109285337421969,-4.307630192341448,8400,SHFELRVGTITLHFDNISEELQEELEKLAKNGVHADEIRRWWEEWLK,False
EA_run3_0525_0006__E43I,EA_run3_0525_0006,True,-4.284837862190789,-0.3455970002222033,-4.194270776003919,-4.341433934503154,9800,SHFELRVGTITLHFDNISEELAEELEKLAKNGVHADEIRRWWIEWLK,False
EA_run3_0525_0006__R40T,EA_run3_0525_0006,True,-3.697393040722508,0.2418478212460781,-3.6217572534189206,-3.763019506889613,3600,SHFELRVGTITLHFDNISEELAEELEKLAKNGVHADEIRTWWEEWLK,False
EA_run3_1140_0005,EA_run3_1140_0005,False,-3.953243587412868,-0.0,-3.8756419330756406,-3.988126377948036,5600,FHVTIHVGDITFHIHGVSEEEVKKLEELVRRGADWREIKKTIEEIEK,False
EA_run3_1140_0005__A33Y,EA_run3_1140_0005,True,-2.636262777028283,1.3169808103845853,-2.5842175727994103,-2.6928269199036663,600,FHVTIHVGDITFHIHGVSEEEVKKLEELVRRGYDWREIKKTIEEIEK,False
EA_run3_1140_0005__E19C,EA_run3_1140_0005,True,-3.350571232931183,0.602672354481685,-3.2631898617043644,-3.4624643639529324,2000,FHVTIHVGDITFHIHGVSCEEVKKLEELVRRGADWREIKKTIEEIEK,False
EA_run3_1140_0005__H2F,EA_run3_1140_0005,True,-3.936142112833843,0.0171014745790252,-3.8684053106718856,-4.020294226376687,5400,FFVTIHVGDITFHIHGVSEEEVKKLEELVRRGADWREIKKTIEEIEK,False
EA_run7_1572_0002,EA_run7_1572_0002,False,-2.833430912167372,-0.0,-2.7813899421778663,-2.8970034659553185,900,DRHTIHIGDITIHLEGFSEEELKLAEELIKRGIHLEEVKRILEELYR,False
EA_run7_1572_0002__A25P,EA_run7_1572_0002,True,-1.5807471446320385,1.2526837675353333,-1.520844186486382,-1.645086252333881,200,DRHTIHIGDITIHLEGFSEEELKLPEELIKRGIHLEEVKRILEELYR,False
EA_run7_1572_0002__I7L,EA_run7_1572_0002,True,-2.798379369062441,0.0350515431049309,-2.7486854256657614,-2.859807217373174,800,DRHTIHLGDITIHLEGFSEEELKLAEELIKRGIHLEEVKRILEELYR,False
EA_run7_1572_0002__I7M,EA_run7_1572_0002,True,-2.823244966325201,0.0101859458421706,-2.750589208730608,-2.879199640280668,900,DRHTIHMGDITIHLEGFSEEELKLAEELIKRGIHLEEVKRILEELYR,False
GG_run1_1390_0006,GG_run1_1390_0006,False,-4.273354454849285,-0.0,-4.230120250786169,-4.337476867678795,9600,TTLHFDLDGKKLQYTGVSEEIARLVEELKRRGVDLKEIVRILEELLK,True
GG_run1_1390_0006__I41Y,GG_run1_1390_0006,True,-3.993604551882684,0.2797499029666008,-3.900692315793426,-4.076933534739975,6000,TTLHFDLDGKKLQYTGVSEEIARLVEELKRRGVDLKEIVRYLEELLK,False
GG_run2_0085_0001,GG_run2_0085_0001,False,-4.27268725785933,-0.0,-4.201742878996367,-4.337179337423408,9600,DHWHVHIDGERIRLDGASEEFIRTLEELIRRGTDARELKEIIKEYLR,False
GG_run2_0085_0001__I7E,GG_run2_0085_0001,True,-2.526703548595984,1.7459837092633457,-2.48910458031553,-2.569253386927666,500,DHWHVHEDGERIRLDGASEEFIRTLEELIRRGTDARELKEIIKEYLR,False
GG_run2_0085_0001__R13D,GG_run2_0085_0001,True,-4.644338780623804,-0.3716515227644743,-4.581423589288705,-4.71295871612905,10000,DHWHVHIDGERIDLDGASEEFIRTLEELIRRGTDARELKEIIKEYLR,False
GG_run3_1315_0003,GG_run3_1315_0003,False,-3.151334209147472,-0.0,-3.102913281023596,-3.1835284230537653,1500,GHYRIRINGREFEIRGISEEEIRHLEEALRNGADEKILKEIVDRLRG,False
GG_run3_1315_0003__E21T,GG_run3_1315_0003,True,-2.8803862788642567,0.2709479302832154,-2.833982330443713,-2.940856131024253,900,GHYRIRINGREFEIRGISEETIRHLEEALRNGADEKILKEIVDRLRG,False
GG_run5_1147_0004,GG_run5_1147_0004,False,-3.185736826366252,-0.0,-3.125932613516436,-3.240940142681384,1500,LDITFHVDGKNIHVHGASEEVVRIIEELIKNNARAEEIKETLERLLR,False
GG_run5_1147_0004__A35S,GG_run5_1147_0004,True,-2.990600420870901,0.1951364054953508,-2.9376853007556267,-3.072310304772947,1100,LDITFHVDGKNIHVHGASEEVVRIIEELIKNNARSEEIKETLERLLR,False
GG_run6_1310_0004,GG_run6_1310_0004,False,-2.613855932500319,-0.0,-2.5470578374290094,-2.668730013842204,600,DEVRLHVNGHTIEFRGIDEEIFKILEEAAKRGADEEELRRLAEKLLR,False
GG_run6_1310_0004__H10T,GG_run6_1310_0004,True,-2.616891627816983,-0.0030356953166643,-2.5695023707326903,-2.6664719826097505,600,DEVRLHVNGTTIEFRGIDEEIFKILEEAAKRGADEEELRRLAEKLLR,False
GG_run6_1310_0004__L46E,GG_run6_1310_0004,True,-1.906498079852988,0.7073578526473308,-1.8216508343542404,-2.004046075818466,200,DEVRLHVNGHTIEFRGIDEEIFKILEEAAKRGADEEELRRLAEKLER,False
GG_run6_1310_0004__R15L,GG_run6_1310_0004,True,-2.539683368048995,0.0741725644513238,-2.496639874155937,-2.5863851120356154,600,DEVRLHVNGHTIEFLGIDEEIFKILEEAAKRGADEEELRRLAEKLLR,False
HHH_rd1_0335,HHH_rd1_0335,False,-2.472495860453934,-0.0,-2.3894638245543023,-2.5376078343645747,500,TEDEKKIQELLKRANGDVSKAEKLAQSQGNEELARRLREYANK,False
HHH_rd1_0335__I7P,HHH_rd1_0335,True,-0.4152778290725907,2.0572180313813435,-0.3627481212823417,-0.5083874087213002,200,TEDEKKPQELLKRANGDVSKAEKLAQSQGNEELARRLREYANK,False
HHH_rd1_0335__R13M,HHH_rd1_0335,True,-2.4830690985029458,-0.0105732380490115,-2.4354918159332284,-2.5229834642054083,500,TEDEKKIQELLKMANGDVSKAEKLAQSQGNEELARRLREYANK,False
HHH_rd1_0335__R38C,HHH_rd1_0335,True,-1.716786605095201,0.7557092553587332,-1.5718030394411706,-1.812081798488855,200,TEDEKKIQELLKRANGDVSKAEKLAQSQGNEELARRLCEYANK,False
XX_run1_0254_0003,XX_run1_0254_0003,False,-3.870225980459286,-0.0,-3.7921664004422535,-3.951007690108455,4800,PDFTLHWNGITIHFKGIDEEQFRHLRELLDRGVSLEELEELAKELIK,True
XX_run1_0254_0003__H6M,XX_run1_0254_0003,True,-3.869474208016839,0.0007517724424466,-3.8019685002849375,-3.927477618948514,4800,PDFTLMWNGITIHFKGIDEEQFRHLRELLDRGVSLEELEELAKELIK,False
XX_run1_0367_0004,XX_run1_0367_0004,False,-3.910642602073596,-0.0,-3.8419990852245984,-3.974282424705767,5200,DEFHFHWNGRDIRVRGDSEELRRLIEAIKRGELSEEEIERAIEILER,False
XX_run1_0367_0004__A27E,XX_run1_0367_0004,True,-3.638304269530773,0.272338332542823,-3.5545948887327903,-3.740010856141468,3300,DEFHFHWNGRDIRVRGDSEELRRLIEEIKRGELSEEEIERAIEILER,False
XX_run1_0367_0004__E2C,XX_run1_0367_0004,True,-3.683830849164184,0.2268117529094122,-3.587033021835548,-3.843538287937269,3500,DCFHFHWNGRDIRVRGDSEELRRLIEAIKRGELSEEEIERAIEILER,False
XX_run1_0367_0004__S18Q,XX_run1_0367_0004,True,-3.6448588131430135,0.2657837889305825,-3.5961318534591724,-3.700791427286625,3300,DEFHFHWNGRDIRVRGDQEELRRLIEAIKRGELSEEEIERAIEILER,False
XX_run1_0455_0002,XX_run1_0455_0002,False,-3.022223681095492,-0.0,-2.9597502174031023,-3.066816182233847,1200,DHWEIRVGDITIHLKDVDEEIIRWVEEALRNGDDLEEIKRWVEEVLR,False
XX_run1_0455_0002__D33H,XX_run1_0455_0002,True,-3.077794465455252,-0.0555707843597601,-3.0185032753324155,-3.127513876278892,1300,DHWEIRVGDITIHLKDVDEEIIRWVEEALRNGHDLEEIKRWVEEVLR,False
XX_run1_0455_0002__D33V,XX_run1_0455_0002,True,-3.4403745655085567,-0.4181508844130648,-3.3694994692816085,-3.500571314305261,2400,DHWEIRVGDITIHLKDVDEEIIRWVEEALRNGVDLEEIKRWVEEVLR,False
XX_run1_0455_0002__V42E,XX_run1_0455_0002,True,-1.3994446703481884,1.6227790107473037,-1.33389996778245,-1.4636927677327185,200,DHWEIRVGDITIHLKDVDEEIIRWVEEALRNGDDLEEIKRWEEEVLR,False
XX_run6_1081_0004,XX_run6_1081_0004,False,-3.612261272000887,-0.0,-3.533754226280607,-3.745665892448258,3100,SKDTIRINGIDIDVKDLHEEWKRLVEEALKRGDEELAIELLERALKE,False
XX_run6_1081_0004__D3Q,XX_run6_1081_0004,True,-3.2159410341254686,0.3963202378754182,-3.147500914536514,-3.3126491439119,1600,SKQTIRINGIDIDVKDLHEEWKRLVEEALKRGDEELAIELLERALKE,False
XX_run6_1081_0004__I38A,XX_run6_1081_0004,True,-3.4511462069728163,0.1611150650280706,-3.4014394383766664,-3.5027255707785696,2400,SKDTIRINGIDIDVKDLHEEWKRLVEEALKRGDEELAAELLERALKE,False
XX_run8_1063_0003,XX_run8_1063_0003,False,-2.636570466595162,-0.0,-2.5603524906048976,-2.7110437358028223,600,DDWEIHFNNITIRLHGVSEEQIEELKELIKNGAHEEELRKWAEEVNR,False
XX_run8_1063_0003__E19C,XX_run8_1063_0003,True,-2.60918133205246,0.0273891345427021,-2.4715581335818024,-2.7383064103301304,600,DDWEIHFNNITIRLHGVSCEQIEELKELIKNGAHEEELRKWAEEVNR,False
XX_run8_1063_0003__W3E,XX_run8_1063_0003,True,-1.578983466896827,1.057586999698335,-1.4826974832759163,-1.67861291790649,200,DDEEIHFNNITIRLHGVSEEQIEELKELIKNGAHEEELRKWAEEVNR,False
