Classifier1,Classifier2,Classifier3,Classifier4,UsingID,sw_age_min,sw_age_max,hw_age_min,hw_age_max,MinYearsSinceDist,MaxYearsSinceDist,LastDistTypeID,MinTotBiomassC,MaxTotBiomassC,MinSWMerchBiomassC,MaxSWMerchBiomassC,MinHWMerchBiomassC,MaxHWMerchBiomassC,MinTotalStemSnagC,MaxTotalStemSnagC,MinSWStemSnagC,MaxSWStemSnagC,MinHWStemSnagC,MaxHWStemSnagC,MinTotalStemSnagMerchC,MaxTotalStemSnagMerchC,MinSWMerchStemSnagC,MaxSWMerchStemSnagC,MinHWMerchStemSnagC,MaxHWMerchStemSnagC,Efficiency,SortType,MeasureType,Amount,DistTypeID,Year
NFSitka_mineral,A,mineral,YC4_12,False,0,210,0,210,-1,-1,-1,-1,-1,-1,-1,-1,-1,-1,-1,-1,-1,-1,-1,-1,-1,-1,-1,-1,-1,1,3,A,0.0,DISTID4,1
NFSitka_mineral,A,mineral,YC13_16,False,0,210,0,210,-1,-1,-1,-1,-1,-1,-1,-1,-1,-1,-1,-1,-1,-1,-1,-1,-1,-1,-1,-1,-1,1,3,A,0.0,DISTID4,1
NFSitka_mineral,A,mineral,YC17_20,False,0,210,0,210,-1,-1,-1,-1,-1,-1,-1,-1,-1,-1,-1,-1,-1,-1,-1,-1,-1,-1,-1,-1,-1,1,3,A,0.0,DISTID4,1
NFSitka_mineral,A,mineral,YC20_24,False,0,210,0,210,-1,-1,-1,-1,-1,-1,-1,-1,-1,-1,-1,-1,-1,-1,-1,-1,-1,-1,-1,-1,-1,1,3,A,0.0,DISTID4,1
NFSitka_mineral,A,mineral,YC24_30,False,0,210,0,210,-1,-1,-1,-1,-1,-1,-1,-1,-1,-1,-1,-1,-1,-1,-1,-1,-1,-1,-1,-1,-1,1,3,A,0.0,DISTID4,1
NFSGB_mineral,A,mineral,YC6,False,0,210,0,210,-1,-1,-1,-1,-1,-1,-1,-1,-1,-1,-1,-1,-1,-1,-1,-1,-1,-1,-1,-1,-1,1,12,A,0.0,DISTID4,1
NFSitka_mineral,A,mineral,YC4_12,False,0,210,0,210,-1,-1,-1,-1,-1,-1,-1,-1,-1,-1,-1,-1,-1,-1,-1,-1,-1,-1,-1,-1,-1,1,3,A,0.0,DISTID4,2
NFSitka_mineral,A,mineral,YC13_16,False,0,210,0,210,-1,-1,-1,-1,-1,-1,-1,-1,-1,-1,-1,-1,-1,-1,-1,-1,-1,-1,-1,-1,-1,1,3,A,0.0,DISTID4,2
NFSitka_mineral,A,mineral,YC17_20,False,0,210,0,210,-1,-1,-1,-1,-1,-1,-1,-1,-1,-1,-1,-1,-1,-1,-1,-1,-1,-1,-1,-1,-1,1,3,A,0.0,DISTID4,2
NFSitka_mineral,A,mineral,YC20_24,False,0,210,0,210,-1,-1,-1,-1,-1,-1,-1,-1,-1,-1,-1,-1,-1,-1,-1,-1,-1,-1,-1,-1,-1,1,3,A,0.0,DISTID4,2
NFSitka_mineral,A,mineral,YC24_30,False,0,210,0,210,-1,-1,-1,-1,-1,-1,-1,-1,-1,-1,-1,-1,-1,-1,-1,-1,-1,-1,-1,-1,-1,1,3,A,0.0,DISTID4,2
NFSGB_mineral,A,mineral,YC6,False,0,210,0,210,-1,-1,-1,-1,-1,-1,-1,-1,-1,-1,-1,-1,-1,-1,-1,-1,-1,-1,-1,-1,-1,1,12,A,0.0,DISTID4,2
NFSitka_mineral,A,mineral,YC4_12,False,0,210,0,210,-1,-1,-1,-1,-1,-1,-1,-1,-1,-1,-1,-1,-1,-1,-1,-1,-1,-1,-1,-1,-1,1,3,A,0.0,DISTID4,3
NFSitka_mineral,A,mineral,YC13_16,False,0,210,0,210,-1,-1,-1,-1,-1,-1,-1,-1,-1,-1,-1,-1,-1,-1,-1,-1,-1,-1,-1,-1,-1,1,3,A,0.0,DISTID4,3
NFSitka_mineral,A,mineral,YC17_20,False,0,210,0,210,-1,-1,-1,-1,-1,-1,-1,-1,-1,-1,-1,-1,-1,-1,-1,-1,-1,-1,-1,-1,-1,1,3,A,0.0,DISTID4,3
NFSitka_mineral,A,mineral,YC20_24,False,0,210,0,210,-1,-1,-1,-1,-1,-1,-1,-1,-1,-1,-1,-1,-1,-1,-1,-1,-1,-1,-1,-1,-1,1,3,A,0.0,DISTID4,3
NFSitka_mineral,A,mineral,YC24_30,False,0,210,0,210,-1,-1,-1,-1,-1,-1,-1,-1,-1,-1,-1,-1,-1,-1,-1,-1,-1,-1,-1,-1,-1,1,3,A,0.0,DISTID4,3
NFSGB_mineral,A,mineral,YC6,False,0,210,0,210,-1,-1,-1,-1,-1,-1,-1,-1,-1,-1,-1,-1,-1,-1,-1,-1,-1,-1,-1,-1,-1,1,12,A,0.0,DISTID4,3
NFSitka_mineral,A,mineral,YC4_12,False,0,210,0,210,-1,-1,-1,-1,-1,-1,-1,-1,-1,-1,-1,-1,-1,-1,-1,-1,-1,-1,-1,-1,-1,1,3,A,0.0,DISTID4,4
NFSitka_mineral,A,mineral,YC13_16,False,0,210,0,210,-1,-1,-1,-1,-1,-1,-1,-1,-1,-1,-1,-1,-1,-1,-1,-1,-1,-1,-1,-1,-1,1,3,A,0.0,DISTID4,4
NFSitka_mineral,A,mineral,YC17_20,False,0,210,0,210,-1,-1,-1,-1,-1,-1,-1,-1,-1,-1,-1,-1,-1,-1,-1,-1,-1,-1,-1,-1,-1,1,3,A,0.0,DISTID4,4
NFSitka_mineral,A,mineral,YC20_24,False,0,210,0,210,-1,-1,-1,-1,-1,-1,-1,-1,-1,-1,-1,-1,-1,-1,-1,-1,-1,-1,-1,-1,-1,1,3,A,0.0,DISTID4,4
NFSitka_mineral,A,mineral,YC24_30,False,0,210,0,210,-1,-1,-1,-1,-1,-1,-1,-1,-1,-1,-1,-1,-1,-1,-1,-1,-1,-1,-1,-1,-1,1,3,A,0.0,DISTID4,4
NFSGB_mineral,A,mineral,YC6,False,0,210,0,210,-1,-1,-1,-1,-1,-1,-1,-1,-1,-1,-1,-1,-1,-1,-1,-1,-1,-1,-1,-1,-1,1,12,A,0.0,DISTID4,4
NFSitka_mineral,A,mineral,YC4_12,False,0,210,0,210,-1,-1,-1,-1,-1,-1,-1,-1,-1,-1,-1,-1,-1,-1,-1,-1,-1,-1,-1,-1,-1,1,3,A,0.0,DISTID4,5
NFSitka_mineral,A,mineral,YC13_16,False,0,210,0,210,-1,-1,-1,-1,-1,-1,-1,-1,-1,-1,-1,-1,-1,-1,-1,-1,-1,-1,-1,-1,-1,1,3,A,0.0,DISTID4,5
NFSitka_mineral,A,mineral,YC17_20,False,0,210,0,210,-1,-1,-1,-1,-1,-1,-1,-1,-1,-1,-1,-1,-1,-1,-1,-1,-1,-1,-1,-1,-1,1,3,A,0.0,DISTID4,5
NFSitka_mineral,A,mineral,YC20_24,False,0,210,0,210,-1,-1,-1,-1,-1,-1,-1,-1,-1,-1,-1,-1,-1,-1,-1,-1,-1,-1,-1,-1,-1,1,3,A,0.0,DISTID4,5
NFSitka_mineral,A,mineral,YC24_30,False,0,210,0,210,-1,-1,-1,-1,-1,-1,-1,-1,-1,-1,-1,-1,-1,-1,-1,-1,-1,-1,-1,-1,-1,1,3,A,0.0,DISTID4,5
NFSGB_mineral,A,mineral,YC6,False,0,210,0,210,-1,-1,-1,-1,-1,-1,-1,-1,-1,-1,-1,-1,-1,-1,-1,-1,-1,-1,-1,-1,-1,1,12,A,0.0,DISTID4,5
NFSitka_mineral,A,mineral,YC4_12,False,0,210,0,210,-1,-1,-1,-1,-1,-1,-1,-1,-1,-1,-1,-1,-1,-1,-1,-1,-1,-1,-1,-1,-1,1,3,A,0.0,DISTID4,6
NFSitka_mineral,A,mineral,YC13_16,False,0,210,0,210,-1,-1,-1,-1,-1,-1,-1,-1,-1,-1,-1,-1,-1,-1,-1,-1,-1,-1,-1,-1,-1,1,3,A,0.0,DISTID4,6
NFSitka_mineral,A,mineral,YC17_20,False,0,210,0,210,-1,-1,-1,-1,-1,-1,-1,-1,-1,-1,-1,-1,-1,-1,-1,-1,-1,-1,-1,-1,-1,1,3,A,0.0,DISTID4,6
NFSitka_mineral,A,mineral,YC20_24,False,0,210,0,210,-1,-1,-1,-1,-1,-1,-1,-1,-1,-1,-1,-1,-1,-1,-1,-1,-1,-1,-1,-1,-1,1,3,A,0.0,DISTID4,6
NFSitka_mineral,A,mineral,YC24_30,False,0,210,0,210,-1,-1,-1,-1,-1,-1,-1,-1,-1,-1,-1,-1,-1,-1,-1,-1,-1,-1,-1,-1,-1,1,3,A,0.0,DISTID4,6
NFSGB_mineral,A,mineral,YC6,False,0,210,0,210,-1,-1,-1,-1,-1,-1,-1,-1,-1,-1,-1,-1,-1,-1,-1,-1,-1,-1,-1,-1,-1,1,12,A,0.0,DISTID4,6
NFSitka_mineral,A,mineral,YC4_12,False,0,210,0,210,-1,-1,-1,-1,-1,-1,-1,-1,-1,-1,-1,-1,-1,-1,-1,-1,-1,-1,-1,-1,-1,1,3,A,0.0,DISTID4,7
NFSitka_mineral,A,mineral,YC13_16,False,0,210,0,210,-1,-1,-1,-1,-1,-1,-1,-1,-1,-1,-1,-1,-1,-1,-1,-1,-1,-1,-1,-1,-1,1,3,A,0.0,DISTID4,7
NFSitka_mineral,A,mineral,YC17_20,False,0,210,0,210,-1,-1,-1,-1,-1,-1,-1,-1,-1,-1,-1,-1,-1,-1,-1,-1,-1,-1,-1,-1,-1,1,3,A,0.0,DISTID4,7
NFSitka_mineral,A,mineral,YC20_24,False,0,210,0,210,-1,-1,-1,-1,-1,-1,-1,-1,-1,-1,-1,-1,-1,-1,-1,-1,-1,-1,-1,-1,-1,1,3,A,0.0,DISTID4,7
NFSitka_mineral,A,mineral,YC24_30,False,0,210,0,210,-1,-1,-1,-1,-1,-1,-1,-1,-1,-1,-1,-1,-1,-1,-1,-1,-1,-1,-1,-1,-1,1,3,A,0.0,DISTID4,7
NFSGB_mineral,A,mineral,YC6,False,0,210,0,210,-1,-1,-1,-1,-1,-1,-1,-1,-1,-1,-1,-1,-1,-1,-1,-1,-1,-1,-1,-1,-1,1,12,A,0.0,DISTID4,7
NFSitka_mineral,A,mineral,YC4_12,False,0,210,0,210,-1,-1,-1,-1,-1,-1,-1,-1,-1,-1,-1,-1,-1,-1,-1,-1,-1,-1,-1,-1,-1,1,3,A,0.0,DISTID4,8
NFSitka_mineral,A,mineral,YC13_16,False,0,210,0,210,-1,-1,-1,-1,-1,-1,-1,-1,-1,-1,-1,-1,-1,-1,-1,-1,-1,-1,-1,-1,-1,1,3,A,0.0,DISTID4,8
NFSitka_mineral,A,mineral,YC17_20,False,0,210,0,210,-1,-1,-1,-1,-1,-1,-1,-1,-1,-1,-1,-1,-1,-1,-1,-1,-1,-1,-1,-1,-1,1,3,A,0.0,DISTID4,8
NFSitka_mineral,A,mineral,YC20_24,False,0,210,0,210,-1,-1,-1,-1,-1,-1,-1,-1,-1,-1,-1,-1,-1,-1,-1,-1,-1,-1,-1,-1,-1,1,3,A,0.0,DISTID4,8
NFSitka_mineral,A,mineral,YC24_30,False,0,210,0,210,-1,-1,-1,-1,-1,-1,-1,-1,-1,-1,-1,-1,-1,-1,-1,-1,-1,-1,-1,-1,-1,1,3,A,0.0,DISTID4,8
NFSGB_mineral,A,mineral,YC6,False,0,210,0,210,-1,-1,-1,-1,-1,-1,-1,-1,-1,-1,-1,-1,-1,-1,-1,-1,-1,-1,-1,-1,-1,1,12,A,0.0,DISTID4,8
NFSitka_mineral,A,mineral,YC4_12,False,0,210,0,210,-1,-1,-1,-1,-1,-1,-1,-1,-1,-1,-1,-1,-1,-1,-1,-1,-1,-1,-1,-1,-1,1,3,A,0.0,DISTID4,9
NFSitka_mineral,A,mineral,YC13_16,False,0,210,0,210,-1,-1,-1,-1,-1,-1,-1,-1,-1,-1,-1,-1,-1,-1,-1,-1,-1,-1,-1,-1,-1,1,3,A,0.0,DISTID4,9
NFSitka_mineral,A,mineral,YC17_20,False,0,210,0,210,-1,-1,-1,-1,-1,-1,-1,-1,-1,-1,-1,-1,-1,-1,-1,-1,-1,-1,-1,-1,-1,1,3,A,0.0,DISTID4,9
NFSitka_mineral,A,mineral,YC20_24,False,0,210,0,210,-1,-1,-1,-1,-1,-1,-1,-1,-1,-1,-1,-1,-1,-1,-1,-1,-1,-1,-1,-1,-1,1,3,A,0.0,DISTID4,9
NFSitka_mineral,A,mineral,YC24_30,False,0,210,0,210,-1,-1,-1,-1,-1,-1,-1,-1,-1,-1,-1,-1,-1,-1,-1,-1,-1,-1,-1,-1,-1,1,3,A,0.0,DISTID4,9
NFSGB_mineral,A,mineral,YC6,False,0,210,0,210,-1,-1,-1,-1,-1,-1,-1,-1,-1,-1,-1,-1,-1,-1,-1,-1,-1,-1,-1,-1,-1,1,12,A,0.0,DISTID4,9
NFSitka_mineral,A,mineral,YC4_12,False,0,210,0,210,-1,-1,-1,-1,-1,-1,-1,-1,-1,-1,-1,-1,-1,-1,-1,-1,-1,-1,-1,-1,-1,1,3,A,0.0,DISTID4,10
NFSitka_mineral,A,mineral,YC13_16,False,0,210,0,210,-1,-1,-1,-1,-1,-1,-1,-1,-1,-1,-1,-1,-1,-1,-1,-1,-1,-1,-1,-1,-1,1,3,A,0.0,DISTID4,10
NFSitka_mineral,A,mineral,YC17_20,False,0,210,0,210,-1,-1,-1,-1,-1,-1,-1,-1,-1,-1,-1,-1,-1,-1,-1,-1,-1,-1,-1,-1,-1,1,3,A,0.0,DISTID4,10
NFSitka_mineral,A,mineral,YC20_24,False,0,210,0,210,-1,-1,-1,-1,-1,-1,-1,-1,-1,-1,-1,-1,-1,-1,-1,-1,-1,-1,-1,-1,-1,1,3,A,0.0,DISTID4,10
NFSitka_mineral,A,mineral,YC24_30,False,0,210,0,210,-1,-1,-1,-1,-1,-1,-1,-1,-1,-1,-1,-1,-1,-1,-1,-1,-1,-1,-1,-1,-1,1,3,A,0.0,DISTID4,10
NFSGB_mineral,A,mineral,YC6,False,0,210,0,210,-1,-1,-1,-1,-1,-1,-1,-1,-1,-1,-1,-1,-1,-1,-1,-1,-1,-1,-1,-1,-1,1,12,A,0.0,DISTID4,10
NFSitka_mineral,A,mineral,YC4_12,False,0,210,0,210,-1,-1,-1,-1,-1,-1,-1,-1,-1,-1,-1,-1,-1,-1,-1,-1,-1,-1,-1,-1,-1,1,3,A,0.0,DISTID4,11
NFSitka_mineral,A,mineral,YC13_16,False,0,210,0,210,-1,-1,-1,-1,-1,-1,-1,-1,-1,-1,-1,-1,-1,-1,-1,-1,-1,-1,-1,-1,-1,1,3,A,0.0,DISTID4,11
NFSitka_mineral,A,mineral,YC17_20,False,0,210,0,210,-1,-1,-1,-1,-1,-1,-1,-1,-1,-1,-1,-1,-1,-1,-1,-1,-1,-1,-1,-1,-1,1,3,A,0.0,DISTID4,11
NFSitka_mineral,A,mineral,YC20_24,False,0,210,0,210,-1,-1,-1,-1,-1,-1,-1,-1,-1,-1,-1,-1,-1,-1,-1,-1,-1,-1,-1,-1,-1,1,3,A,0.0,DISTID4,11
NFSitka_mineral,A,mineral,YC24_30,False,0,210,0,210,-1,-1,-1,-1,-1,-1,-1,-1,-1,-1,-1,-1,-1,-1,-1,-1,-1,-1,-1,-1,-1,1,3,A,0.0,DISTID4,11
NFSGB_mineral,A,mineral,YC6,False,0,210,0,210,-1,-1,-1,-1,-1,-1,-1,-1,-1,-1,-1,-1,-1,-1,-1,-1,-1,-1,-1,-1,-1,1,12,A,0.0,DISTID4,11
NFSitka_mineral,A,mineral,YC4_12,False,0,210,0,210,-1,-1,-1,-1,-1,-1,-1,-1,-1,-1,-1,-1,-1,-1,-1,-1,-1,-1,-1,-1,-1,1,3,A,0.0,DISTID4,12
NFSitka_mineral,A,mineral,YC13_16,False,0,210,0,210,-1,-1,-1,-1,-1,-1,-1,-1,-1,-1,-1,-1,-1,-1,-1,-1,-1,-1,-1,-1,-1,1,3,A,0.0,DISTID4,12
NFSitka_mineral,A,mineral,YC17_20,False,0,210,0,210,-1,-1,-1,-1,-1,-1,-1,-1,-1,-1,-1,-1,-1,-1,-1,-1,-1,-1,-1,-1,-1,1,3,A,0.0,DISTID4,12
NFSitka_mineral,A,mineral,YC20_24,False,0,210,0,210,-1,-1,-1,-1,-1,-1,-1,-1,-1,-1,-1,-1,-1,-1,-1,-1,-1,-1,-1,-1,-1,1,3,A,0.0,DISTID4,12
NFSitka_mineral,A,mineral,YC24_30,False,0,210,0,210,-1,-1,-1,-1,-1,-1,-1,-1,-1,-1,-1,-1,-1,-1,-1,-1,-1,-1,-1,-1,-1,1,3,A,0.0,DISTID4,12
NFSGB_mineral,A,mineral,YC6,False,0,210,0,210,-1,-1,-1,-1,-1,-1,-1,-1,-1,-1,-1,-1,-1,-1,-1,-1,-1,-1,-1,-1,-1,1,12,A,0.0,DISTID4,12
NFSitka_mineral,A,mineral,YC4_12,False,0,210,0,210,-1,-1,-1,-1,-1,-1,-1,-1,-1,-1,-1,-1,-1,-1,-1,-1,-1,-1,-1,-1,-1,1,3,A,0.0,DISTID4,13
NFSitka_mineral,A,mineral,YC13_16,False,0,210,0,210,-1,-1,-1,-1,-1,-1,-1,-1,-1,-1,-1,-1,-1,-1,-1,-1,-1,-1,-1,-1,-1,1,3,A,0.0,DISTID4,13
NFSitka_mineral,A,mineral,YC17_20,False,0,210,0,210,-1,-1,-1,-1,-1,-1,-1,-1,-1,-1,-1,-1,-1,-1,-1,-1,-1,-1,-1,-1,-1,1,3,A,0.0,DISTID4,13
NFSitka_mineral,A,mineral,YC20_24,False,0,210,0,210,-1,-1,-1,-1,-1,-1,-1,-1,-1,-1,-1,-1,-1,-1,-1,-1,-1,-1,-1,-1,-1,1,3,A,0.0,DISTID4,13
NFSitka_mineral,A,mineral,YC24_30,False,0,210,0,210,-1,-1,-1,-1,-1,-1,-1,-1,-1,-1,-1,-1,-1,-1,-1,-1,-1,-1,-1,-1,-1,1,3,A,0.0,DISTID4,13
NFSGB_mineral,A,mineral,YC6,False,0,210,0,210,-1,-1,-1,-1,-1,-1,-1,-1,-1,-1,-1,-1,-1,-1,-1,-1,-1,-1,-1,-1,-1,1,12,A,0.0,DISTID4,13
NFSitka_mineral,A,mineral,YC4_12,False,0,210,0,210,-1,-1,-1,-1,-1,-1,-1,-1,-1,-1,-1,-1,-1,-1,-1,-1,-1,-1,-1,-1,-1,1,3,A,0.0,DISTID4,14
NFSitka_mineral,A,mineral,YC13_16,False,0,210,0,210,-1,-1,-1,-1,-1,-1,-1,-1,-1,-1,-1,-1,-1,-1,-1,-1,-1,-1,-1,-1,-1,1,3,A,0.0,DISTID4,14
NFSitka_mineral,A,mineral,YC17_20,False,0,210,0,210,-1,-1,-1,-1,-1,-1,-1,-1,-1,-1,-1,-1,-1,-1,-1,-1,-1,-1,-1,-1,-1,1,3,A,0.0,DISTID4,14
NFSitka_mineral,A,mineral,YC20_24,False,0,210,0,210,-1,-1,-1,-1,-1,-1,-1,-1,-1,-1,-1,-1,-1,-1,-1,-1,-1,-1,-1,-1,-1,1,3,A,0.0,DISTID4,14
NFSitka_mineral,A,mineral,YC24_30,False,0,210,0,210,-1,-1,-1,-1,-1,-1,-1,-1,-1,-1,-1,-1,-1,-1,-1,-1,-1,-1,-1,-1,-1,1,3,A,0.0,DISTID4,14
NFSGB_mineral,A,mineral,YC6,False,0,210,0,210,-1,-1,-1,-1,-1,-1,-1,-1,-1,-1,-1,-1,-1,-1,-1,-1,-1,-1,-1,-1,-1,1,12,A,0.0,DISTID4,14
NFSitka_mineral,A,mineral,YC4_12,False,0,210,0,210,-1,-1,-1,-1,-1,-1,-1,-1,-1,-1,-1,-1,-1,-1,-1,-1,-1,-1,-1,-1,-1,1,3,A,0.0,DISTID4,15
NFSitka_mineral,A,mineral,YC13_16,False,0,210,0,210,-1,-1,-1,-1,-1,-1,-1,-1,-1,-1,-1,-1,-1,-1,-1,-1,-1,-1,-1,-1,-1,1,3,A,0.0,DISTID4,15
NFSitka_mineral,A,mineral,YC17_20,False,0,210,0,210,-1,-1,-1,-1,-1,-1,-1,-1,-1,-1,-1,-1,-1,-1,-1,-1,-1,-1,-1,-1,-1,1,3,A,0.0,DISTID4,15
NFSitka_mineral,A,mineral,YC20_24,False,0,210,0,210,-1,-1,-1,-1,-1,-1,-1,-1,-1,-1,-1,-1,-1,-1,-1,-1,-1,-1,-1,-1,-1,1,3,A,0.0,DISTID4,15
NFSitka_mineral,A,mineral,YC24_30,False,0,210,0,210,-1,-1,-1,-1,-1,-1,-1,-1,-1,-1,-1,-1,-1,-1,-1,-1,-1,-1,-1,-1,-1,1,3,A,0.0,DISTID4,15
NFSGB_mineral,A,mineral,YC6,False,0,210,0,210,-1,-1,-1,-1,-1,-1,-1,-1,-1,-1,-1,-1,-1,-1,-1,-1,-1,-1,-1,-1,-1,1,12,A,0.0,DISTID4,15
NFSitka_mineral,A,mineral,YC4_12,False,0,210,0,210,-1,-1,-1,-1,-1,-1,-1,-1,-1,-1,-1,-1,-1,-1,-1,-1,-1,-1,-1,-1,-1,1,3,A,0.0,DISTID4,16
NFSitka_mineral,A,mineral,YC13_16,False,0,210,0,210,-1,-1,-1,-1,-1,-1,-1,-1,-1,-1,-1,-1,-1,-1,-1,-1,-1,-1,-1,-1,-1,1,3,A,0.0,DISTID4,16
NFSitka_mineral,A,mineral,YC17_20,False,0,210,0,210,-1,-1,-1,-1,-1,-1,-1,-1,-1,-1,-1,-1,-1,-1,-1,-1,-1,-1,-1,-1,-1,1,3,A,0.0,DISTID4,16
NFSitka_mineral,A,mineral,YC20_24,False,0,210,0,210,-1,-1,-1,-1,-1,-1,-1,-1,-1,-1,-1,-1,-1,-1,-1,-1,-1,-1,-1,-1,-1,1,3,A,0.0,DISTID4,16
NFSitka_mineral,A,mineral,YC24_30,False,0,210,0,210,-1,-1,-1,-1,-1,-1,-1,-1,-1,-1,-1,-1,-1,-1,-1,-1,-1,-1,-1,-1,-1,1,3,A,0.0,DISTID4,16
NFSGB_mineral,A,mineral,YC6,False,0,210,0,210,-1,-1,-1,-1,-1,-1,-1,-1,-1,-1,-1,-1,-1,-1,-1,-1,-1,-1,-1,-1,-1,1,12,A,0.0,DISTID4,16
NFSitka_mineral,A,mineral,YC4_12,False,0,210,0,210,-1,-1,-1,-1,-1,-1,-1,-1,-1,-1,-1,-1,-1,-1,-1,-1,-1,-1,-1,-1,-1,1,3,A,0.0,DISTID4,17
NFSitka_mineral,A,mineral,YC13_16,False,0,210,0,210,-1,-1,-1,-1,-1,-1,-1,-1,-1,-1,-1,-1,-1,-1,-1,-1,-1,-1,-1,-1,-1,1,3,A,0.0,DISTID4,17
NFSitka_mineral,A,mineral,YC17_20,False,0,210,0,210,-1,-1,-1,-1,-1,-1,-1,-1,-1,-1,-1,-1,-1,-1,-1,-1,-1,-1,-1,-1,-1,1,3,A,0.0,DISTID4,17
NFSitka_mineral,A,mineral,YC20_24,False,0,210,0,210,-1,-1,-1,-1,-1,-1,-1,-1,-1,-1,-1,-1,-1,-1,-1,-1,-1,-1,-1,-1,-1,1,3,A,0.0,DISTID4,17
NFSitka_mineral,A,mineral,YC24_30,False,0,210,0,210,-1,-1,-1,-1,-1,-1,-1,-1,-1,-1,-1,-1,-1,-1,-1,-1,-1,-1,-1,-1,-1,1,3,A,0.0,DISTID4,17
NFSGB_mineral,A,mineral,YC6,False,0,210,0,210,-1,-1,-1,-1,-1,-1,-1,-1,-1,-1,-1,-1,-1,-1,-1,-1,-1,-1,-1,-1,-1,1,12,A,0.0,DISTID4,17
NFSitka_mineral,A,mineral,YC4_12,False,0,210,0,210,-1,-1,-1,-1,-1,-1,-1,-1,-1,-1,-1,-1,-1,-1,-1,-1,-1,-1,-1,-1,-1,1,3,A,0.0,DISTID4,18
NFSitka_mineral,A,mineral,YC13_16,False,0,210,0,210,-1,-1,-1,-1,-1,-1,-1,-1,-1,-1,-1,-1,-1,-1,-1,-1,-1,-1,-1,-1,-1,1,3,A,0.0,DISTID4,18
NFSitka_mineral,A,mineral,YC17_20,False,0,210,0,210,-1,-1,-1,-1,-1,-1,-1,-1,-1,-1,-1,-1,-1,-1,-1,-1,-1,-1,-1,-1,-1,1,3,A,0.0,DISTID4,18
NFSitka_mineral,A,mineral,YC20_24,False,0,210,0,210,-1,-1,-1,-1,-1,-1,-1,-1,-1,-1,-1,-1,-1,-1,-1,-1,-1,-1,-1,-1,-1,1,3,A,0.0,DISTID4,18
NFSitka_mineral,A,mineral,YC24_30,False,0,210,0,210,-1,-1,-1,-1,-1,-1,-1,-1,-1,-1,-1,-1,-1,-1,-1,-1,-1,-1,-1,-1,-1,1,3,A,0.0,DISTID4,18
NFSGB_mineral,A,mineral,YC6,False,0,210,0,210,-1,-1,-1,-1,-1,-1,-1,-1,-1,-1,-1,-1,-1,-1,-1,-1,-1,-1,-1,-1,-1,1,12,A,0.0,DISTID4,18
NFSitka_mineral,A,mineral,YC4_12,False,0,210,0,210,-1,-1,-1,-1,-1,-1,-1,-1,-1,-1,-1,-1,-1,-1,-1,-1,-1,-1,-1,-1,-1,1,3,A,0.0,DISTID4,19
NFSitka_mineral,A,mineral,YC13_16,False,0,210,0,210,-1,-1,-1,-1,-1,-1,-1,-1,-1,-1,-1,-1,-1,-1,-1,-1,-1,-1,-1,-1,-1,1,3,A,0.0,DISTID4,19
NFSitka_mineral,A,mineral,YC17_20,False,0,210,0,210,-1,-1,-1,-1,-1,-1,-1,-1,-1,-1,-1,-1,-1,-1,-1,-1,-1,-1,-1,-1,-1,1,3,A,0.0,DISTID4,19
NFSitka_mineral,A,mineral,YC20_24,False,0,210,0,210,-1,-1,-1,-1,-1,-1,-1,-1,-1,-1,-1,-1,-1,-1,-1,-1,-1,-1,-1,-1,-1,1,3,A,0.0,DISTID4,19
NFSitka_mineral,A,mineral,YC24_30,False,0,210,0,210,-1,-1,-1,-1,-1,-1,-1,-1,-1,-1,-1,-1,-1,-1,-1,-1,-1,-1,-1,-1,-1,1,3,A,0.0,DISTID4,19
NFSGB_mineral,A,mineral,YC6,False,0,210,0,210,-1,-1,-1,-1,-1,-1,-1,-1,-1,-1,-1,-1,-1,-1,-1,-1,-1,-1,-1,-1,-1,1,12,A,0.0,DISTID4,19
NFSitka_mineral,A,mineral,YC4_12,False,0,210,0,210,-1,-1,-1,-1,-1,-1,-1,-1,-1,-1,-1,-1,-1,-1,-1,-1,-1,-1,-1,-1,-1,1,3,A,0.0,DISTID4,20
NFSitka_mineral,A,mineral,YC13_16,False,0,210,0,210,-1,-1,-1,-1,-1,-1,-1,-1,-1,-1,-1,-1,-1,-1,-1,-1,-1,-1,-1,-1,-1,1,3,A,0.0,DISTID4,20
NFSitka_mineral,A,mineral,YC17_20,False,0,210,0,210,-1,-1,-1,-1,-1,-1,-1,-1,-1,-1,-1,-1,-1,-1,-1,-1,-1,-1,-1,-1,-1,1,3,A,0.0,DISTID4,20
NFSitka_mineral,A,mineral,YC20_24,False,0,210,0,210,-1,-1,-1,-1,-1,-1,-1,-1,-1,-1,-1,-1,-1,-1,-1,-1,-1,-1,-1,-1,-1,1,3,A,0.0,DISTID4,20
NFSitka_mineral,A,mineral,YC24_30,False,0,210,0,210,-1,-1,-1,-1,-1,-1,-1,-1,-1,-1,-1,-1,-1,-1,-1,-1,-1,-1,-1,-1,-1,1,3,A,0.0,DISTID4,20
NFSGB_mineral,A,mineral,YC6,False,0,210,0,210,-1,-1,-1,-1,-1,-1,-1,-1,-1,-1,-1,-1,-1,-1,-1,-1,-1,-1,-1,-1,-1,1,12,A,0.0,DISTID4,20
NFSitka_mineral,A,mineral,YC4_12,False,0,210,0,210,-1,-1,-1,-1,-1,-1,-1,-1,-1,-1,-1,-1,-1,-1,-1,-1,-1,-1,-1,-1,-1,1,3,A,0.0,DISTID4,21
NFSitka_mineral,A,mineral,YC13_16,False,0,210,0,210,-1,-1,-1,-1,-1,-1,-1,-1,-1,-1,-1,-1,-1,-1,-1,-1,-1,-1,-1,-1,-1,1,3,A,0.0,DISTID4,21
NFSitka_mineral,A,mineral,YC17_20,False,0,210,0,210,-1,-1,-1,-1,-1,-1,-1,-1,-1,-1,-1,-1,-1,-1,-1,-1,-1,-1,-1,-1,-1,1,3,A,0.0,DISTID4,21
NFSitka_mineral,A,mineral,YC20_24,False,0,210,0,210,-1,-1,-1,-1,-1,-1,-1,-1,-1,-1,-1,-1,-1,-1,-1,-1,-1,-1,-1,-1,-1,1,3,A,0.0,DISTID4,21
NFSitka_mineral,A,mineral,YC24_30,False,0,210,0,210,-1,-1,-1,-1,-1,-1,-1,-1,-1,-1,-1,-1,-1,-1,-1,-1,-1,-1,-1,-1,-1,1,3,A,0.0,DISTID4,21
NFSGB_mineral,A,mineral,YC6,False,0,210,0,210,-1,-1,-1,-1,-1,-1,-1,-1,-1,-1,-1,-1,-1,-1,-1,-1,-1,-1,-1,-1,-1,1,12,A,0.0,DISTID4,21
NFSitka_mineral,A,mineral,YC4_12,False,0,210,0,210,-1,-1,-1,-1,-1,-1,-1,-1,-1,-1,-1,-1,-1,-1,-1,-1,-1,-1,-1,-1,-1,1,3,A,0.0,DISTID4,22
NFSitka_mineral,A,mineral,YC13_16,False,0,210,0,210,-1,-1,-1,-1,-1,-1,-1,-1,-1,-1,-1,-1,-1,-1,-1,-1,-1,-1,-1,-1,-1,1,3,A,0.0,DISTID4,22
NFSitka_mineral,A,mineral,YC17_20,False,0,210,0,210,-1,-1,-1,-1,-1,-1,-1,-1,-1,-1,-1,-1,-1,-1,-1,-1,-1,-1,-1,-1,-1,1,3,A,0.0,DISTID4,22
NFSitka_mineral,A,mineral,YC20_24,False,0,210,0,210,-1,-1,-1,-1,-1,-1,-1,-1,-1,-1,-1,-1,-1,-1,-1,-1,-1,-1,-1,-1,-1,1,3,A,0.0,DISTID4,22
NFSitka_mineral,A,mineral,YC24_30,False,0,210,0,210,-1,-1,-1,-1,-1,-1,-1,-1,-1,-1,-1,-1,-1,-1,-1,-1,-1,-1,-1,-1,-1,1,3,A,0.0,DISTID4,22
NFSGB_mineral,A,mineral,YC6,False,0,210,0,210,-1,-1,-1,-1,-1,-1,-1,-1,-1,-1,-1,-1,-1,-1,-1,-1,-1,-1,-1,-1,-1,1,12,A,0.0,DISTID4,22
NFSitka_mineral,A,mineral,YC4_12,False,0,210,0,210,-1,-1,-1,-1,-1,-1,-1,-1,-1,-1,-1,-1,-1,-1,-1,-1,-1,-1,-1,-1,-1,1,3,A,0.0,DISTID4,23
NFSitka_mineral,A,mineral,YC13_16,False,0,210,0,210,-1,-1,-1,-1,-1,-1,-1,-1,-1,-1,-1,-1,-1,-1,-1,-1,-1,-1,-1,-1,-1,1,3,A,0.0,DISTID4,23
NFSitka_mineral,A,mineral,YC17_20,False,0,210,0,210,-1,-1,-1,-1,-1,-1,-1,-1,-1,-1,-1,-1,-1,-1,-1,-1,-1,-1,-1,-1,-1,1,3,A,0.0,DISTID4,23
NFSitka_mineral,A,mineral,YC20_24,False,0,210,0,210,-1,-1,-1,-1,-1,-1,-1,-1,-1,-1,-1,-1,-1,-1,-1,-1,-1,-1,-1,-1,-1,1,3,A,0.0,DISTID4,23
NFSitka_mineral,A,mineral,YC24_30,False,0,210,0,210,-1,-1,-1,-1,-1,-1,-1,-1,-1,-1,-1,-1,-1,-1,-1,-1,-1,-1,-1,-1,-1,1,3,A,0.0,DISTID4,23
NFSGB_mineral,A,mineral,YC6,False,0,210,0,210,-1,-1,-1,-1,-1,-1,-1,-1,-1,-1,-1,-1,-1,-1,-1,-1,-1,-1,-1,-1,-1,1,12,A,0.0,DISTID4,23
NFSitka_mineral,A,mineral,YC4_12,False,0,210,0,210,-1,-1,-1,-1,-1,-1,-1,-1,-1,-1,-1,-1,-1,-1,-1,-1,-1,-1,-1,-1,-1,1,3,A,0.0,DISTID4,24
NFSitka_mineral,A,mineral,YC13_16,False,0,210,0,210,-1,-1,-1,-1,-1,-1,-1,-1,-1,-1,-1,-1,-1,-1,-1,-1,-1,-1,-1,-1,-1,1,3,A,0.0,DISTID4,24
NFSitka_mineral,A,mineral,YC17_20,False,0,210,0,210,-1,-1,-1,-1,-1,-1,-1,-1,-1,-1,-1,-1,-1,-1,-1,-1,-1,-1,-1,-1,-1,1,3,A,0.0,DISTID4,24
NFSitka_mineral,A,mineral,YC20_24,False,0,210,0,210,-1,-1,-1,-1,-1,-1,-1,-1,-1,-1,-1,-1,-1,-1,-1,-1,-1,-1,-1,-1,-1,1,3,A,0.0,DISTID4,24
NFSitka_mineral,A,mineral,YC24_30,False,0,210,0,210,-1,-1,-1,-1,-1,-1,-1,-1,-1,-1,-1,-1,-1,-1,-1,-1,-1,-1,-1,-1,-1,1,3,A,0.0,DISTID4,24
NFSGB_mineral,A,mineral,YC6,False,0,210,0,210,-1,-1,-1,-1,-1,-1,-1,-1,-1,-1,-1,-1,-1,-1,-1,-1,-1,-1,-1,-1,-1,1,12,A,0.0,DISTID4,24
NFSitka_mineral,A,mineral,YC4_12,False,0,210,0,210,-1,-1,-1,-1,-1,-1,-1,-1,-1,-1,-1,-1,-1,-1,-1,-1,-1,-1,-1,-1,-1,1,3,A,0.0,DISTID4,25
NFSitka_mineral,A,mineral,YC13_16,False,0,210,0,210,-1,-1,-1,-1,-1,-1,-1,-1,-1,-1,-1,-1,-1,-1,-1,-1,-1,-1,-1,-1,-1,1,3,A,0.0,DISTID4,25
NFSitka_mineral,A,mineral,YC17_20,False,0,210,0,210,-1,-1,-1,-1,-1,-1,-1,-1,-1,-1,-1,-1,-1,-1,-1,-1,-1,-1,-1,-1,-1,1,3,A,0.0,DISTID4,25
NFSitka_mineral,A,mineral,YC20_24,False,0,210,0,210,-1,-1,-1,-1,-1,-1,-1,-1,-1,-1,-1,-1,-1,-1,-1,-1,-1,-1,-1,-1,-1,1,3,A,0.0,DISTID4,25
NFSitka_mineral,A,mineral,YC24_30,False,0,210,0,210,-1,-1,-1,-1,-1,-1,-1,-1,-1,-1,-1,-1,-1,-1,-1,-1,-1,-1,-1,-1,-1,1,3,A,0.0,DISTID4,25
NFSGB_mineral,A,mineral,YC6,False,0,210,0,210,-1,-1,-1,-1,-1,-1,-1,-1,-1,-1,-1,-1,-1,-1,-1,-1,-1,-1,-1,-1,-1,1,12,A,0.0,DISTID4,25
NFSitka_mineral,A,mineral,YC4_12,False,0,210,0,210,-1,-1,-1,-1,-1,-1,-1,-1,-1,-1,-1,-1,-1,-1,-1,-1,-1,-1,-1,-1,-1,1,3,A,0.0,DISTID4,26
NFSitka_mineral,A,mineral,YC13_16,False,0,210,0,210,-1,-1,-1,-1,-1,-1,-1,-1,-1,-1,-1,-1,-1,-1,-1,-1,-1,-1,-1,-1,-1,1,3,A,0.0,DISTID4,26
NFSitka_mineral,A,mineral,YC17_20,False,0,210,0,210,-1,-1,-1,-1,-1,-1,-1,-1,-1,-1,-1,-1,-1,-1,-1,-1,-1,-1,-1,-1,-1,1,3,A,0.0,DISTID4,26
NFSitka_mineral,A,mineral,YC20_24,False,0,210,0,210,-1,-1,-1,-1,-1,-1,-1,-1,-1,-1,-1,-1,-1,-1,-1,-1,-1,-1,-1,-1,-1,1,3,A,0.0,DISTID4,26
NFSitka_mineral,A,mineral,YC24_30,False,0,210,0,210,-1,-1,-1,-1,-1,-1,-1,-1,-1,-1,-1,-1,-1,-1,-1,-1,-1,-1,-1,-1,-1,1,3,A,0.0,DISTID4,26
NFSGB_mineral,A,mineral,YC6,False,0,210,0,210,-1,-1,-1,-1,-1,-1,-1,-1,-1,-1,-1,-1,-1,-1,-1,-1,-1,-1,-1,-1,-1,1,12,A,0.0,DISTID4,26
NFSitka_mineral,A,mineral,YC4_12,False,0,210,0,210,-1,-1,-1,-1,-1,-1,-1,-1,-1,-1,-1,-1,-1,-1,-1,-1,-1,-1,-1,-1,-1,1,3,A,0.0,DISTID4,27
NFSitka_mineral,A,mineral,YC13_16,False,0,210,0,210,-1,-1,-1,-1,-1,-1,-1,-1,-1,-1,-1,-1,-1,-1,-1,-1,-1,-1,-1,-1,-1,1,3,A,0.0,DISTID4,27
NFSitka_mineral,A,mineral,YC17_20,False,0,210,0,210,-1,-1,-1,-1,-1,-1,-1,-1,-1,-1,-1,-1,-1,-1,-1,-1,-1,-1,-1,-1,-1,1,3,A,0.0,DISTID4,27
NFSitka_mineral,A,mineral,YC20_24,False,0,210,0,210,-1,-1,-1,-1,-1,-1,-1,-1,-1,-1,-1,-1,-1,-1,-1,-1,-1,-1,-1,-1,-1,1,3,A,0.0,DISTID4,27
NFSitka_mineral,A,mineral,YC24_30,False,0,210,0,210,-1,-1,-1,-1,-1,-1,-1,-1,-1,-1,-1,-1,-1,-1,-1,-1,-1,-1,-1,-1,-1,1,3,A,0.0,DISTID4,27
NFSGB_mineral,A,mineral,YC6,False,0,210,0,210,-1,-1,-1,-1,-1,-1,-1,-1,-1,-1,-1,-1,-1,-1,-1,-1,-1,-1,-1,-1,-1,1,12,A,0.0,DISTID4,27
NFSitka_mineral,A,mineral,YC4_12,False,0,210,0,210,-1,-1,-1,-1,-1,-1,-1,-1,-1,-1,-1,-1,-1,-1,-1,-1,-1,-1,-1,-1,-1,1,3,A,0.0,DISTID4,28
NFSitka_mineral,A,mineral,YC13_16,False,0,210,0,210,-1,-1,-1,-1,-1,-1,-1,-1,-1,-1,-1,-1,-1,-1,-1,-1,-1,-1,-1,-1,-1,1,3,A,0.0,DISTID4,28
NFSitka_mineral,A,mineral,YC17_20,False,0,210,0,210,-1,-1,-1,-1,-1,-1,-1,-1,-1,-1,-1,-1,-1,-1,-1,-1,-1,-1,-1,-1,-1,1,3,A,0.0,DISTID4,28
NFSitka_mineral,A,mineral,YC20_24,False,0,210,0,210,-1,-1,-1,-1,-1,-1,-1,-1,-1,-1,-1,-1,-1,-1,-1,-1,-1,-1,-1,-1,-1,1,3,A,0.0,DISTID4,28
NFSitka_mineral,A,mineral,YC24_30,False,0,210,0,210,-1,-1,-1,-1,-1,-1,-1,-1,-1,-1,-1,-1,-1,-1,-1,-1,-1,-1,-1,-1,-1,1,3,A,0.0,DISTID4,28
NFSGB_mineral,A,mineral,YC6,False,0,210,0,210,-1,-1,-1,-1,-1,-1,-1,-1,-1,-1,-1,-1,-1,-1,-1,-1,-1,-1,-1,-1,-1,1,12,A,0.0,DISTID4,28
NFSitka_mineral,A,mineral,YC4_12,False,0,210,0,210,-1,-1,-1,-1,-1,-1,-1,-1,-1,-1,-1,-1,-1,-1,-1,-1,-1,-1,-1,-1,-1,1,3,A,0.0,DISTID4,29
NFSitka_mineral,A,mineral,YC13_16,False,0,210,0,210,-1,-1,-1,-1,-1,-1,-1,-1,-1,-1,-1,-1,-1,-1,-1,-1,-1,-1,-1,-1,-1,1,3,A,0.0,DISTID4,29
NFSitka_mineral,A,mineral,YC17_20,False,0,210,0,210,-1,-1,-1,-1,-1,-1,-1,-1,-1,-1,-1,-1,-1,-1,-1,-1,-1,-1,-1,-1,-1,1,3,A,0.0,DISTID4,29
NFSitka_mineral,A,mineral,YC20_24,False,0,210,0,210,-1,-1,-1,-1,-1,-1,-1,-1,-1,-1,-1,-1,-1,-1,-1,-1,-1,-1,-1,-1,-1,1,3,A,0.0,DISTID4,29
NFSitka_mineral,A,mineral,YC24_30,False,0,210,0,210,-1,-1,-1,-1,-1,-1,-1,-1,-1,-1,-1,-1,-1,-1,-1,-1,-1,-1,-1,-1,-1,1,3,A,0.0,DISTID4,29
NFSGB_mineral,A,mineral,YC6,False,0,210,0,210,-1,-1,-1,-1,-1,-1,-1,-1,-1,-1,-1,-1,-1,-1,-1,-1,-1,-1,-1,-1,-1,1,12,A,0.0,DISTID4,29
NFSitka_mineral,A,mineral,YC4_12,False,0,210,0,210,-1,-1,-1,-1,-1,-1,-1,-1,-1,-1,-1,-1,-1,-1,-1,-1,-1,-1,-1,-1,-1,1,3,A,0.0,DISTID4,30
NFSitka_mineral,A,mineral,YC13_16,False,0,210,0,210,-1,-1,-1,-1,-1,-1,-1,-1,-1,-1,-1,-1,-1,-1,-1,-1,-1,-1,-1,-1,-1,1,3,A,0.0,DISTID4,30
NFSitka_mineral,A,mineral,YC17_20,False,0,210,0,210,-1,-1,-1,-1,-1,-1,-1,-1,-1,-1,-1,-1,-1,-1,-1,-1,-1,-1,-1,-1,-1,1,3,A,0.0,DISTID4,30
NFSitka_mineral,A,mineral,YC20_24,False,0,210,0,210,-1,-1,-1,-1,-1,-1,-1,-1,-1,-1,-1,-1,-1,-1,-1,-1,-1,-1,-1,-1,-1,1,3,A,0.0,DISTID4,30
NFSitka_mineral,A,mineral,YC24_30,False,0,210,0,210,-1,-1,-1,-1,-1,-1,-1,-1,-1,-1,-1,-1,-1,-1,-1,-1,-1,-1,-1,-1,-1,1,3,A,0.0,DISTID4,30
NFSGB_mineral,A,mineral,YC6,False,0,210,0,210,-1,-1,-1,-1,-1,-1,-1,-1,-1,-1,-1,-1,-1,-1,-1,-1,-1,-1,-1,-1,-1,1,12,A,0.0,DISTID4,30
NFSitka_mineral,A,mineral,YC4_12,False,0,210,0,210,-1,-1,-1,-1,-1,-1,-1,-1,-1,-1,-1,-1,-1,-1,-1,-1,-1,-1,-1,-1,-1,1,3,A,0.0,DISTID4,31
NFSitka_mineral,A,mineral,YC13_16,False,0,210,0,210,-1,-1,-1,-1,-1,-1,-1,-1,-1,-1,-1,-1,-1,-1,-1,-1,-1,-1,-1,-1,-1,1,3,A,0.0,DISTID4,31
NFSitka_mineral,A,mineral,YC17_20,False,0,210,0,210,-1,-1,-1,-1,-1,-1,-1,-1,-1,-1,-1,-1,-1,-1,-1,-1,-1,-1,-1,-1,-1,1,3,A,0.0,DISTID4,31
NFSitka_mineral,A,mineral,YC20_24,False,0,210,0,210,-1,-1,-1,-1,-1,-1,-1,-1,-1,-1,-1,-1,-1,-1,-1,-1,-1,-1,-1,-1,-1,1,3,A,0.0,DISTID4,31
NFSitka_mineral,A,mineral,YC24_30,False,0,210,0,210,-1,-1,-1,-1,-1,-1,-1,-1,-1,-1,-1,-1,-1,-1,-1,-1,-1,-1,-1,-1,-1,1,3,A,0.0,DISTID4,31
NFSGB_mineral,A,mineral,YC6,False,0,210,0,210,-1,-1,-1,-1,-1,-1,-1,-1,-1,-1,-1,-1,-1,-1,-1,-1,-1,-1,-1,-1,-1,1,12,A,0.0,DISTID4,31
NFSitka_mineral,A,mineral,YC4_12,False,0,210,0,210,-1,-1,-1,-1,-1,-1,-1,-1,-1,-1,-1,-1,-1,-1,-1,-1,-1,-1,-1,-1,-1,1,3,A,0.0,DISTID4,32
NFSitka_mineral,A,mineral,YC13_16,False,0,210,0,210,-1,-1,-1,-1,-1,-1,-1,-1,-1,-1,-1,-1,-1,-1,-1,-1,-1,-1,-1,-1,-1,1,3,A,0.0,DISTID4,32
NFSitka_mineral,A,mineral,YC17_20,False,0,210,0,210,-1,-1,-1,-1,-1,-1,-1,-1,-1,-1,-1,-1,-1,-1,-1,-1,-1,-1,-1,-1,-1,1,3,A,0.0,DISTID4,32
NFSitka_mineral,A,mineral,YC20_24,False,0,210,0,210,-1,-1,-1,-1,-1,-1,-1,-1,-1,-1,-1,-1,-1,-1,-1,-1,-1,-1,-1,-1,-1,1,3,A,0.0,DISTID4,32
NFSitka_mineral,A,mineral,YC24_30,False,0,210,0,210,-1,-1,-1,-1,-1,-1,-1,-1,-1,-1,-1,-1,-1,-1,-1,-1,-1,-1,-1,-1,-1,1,3,A,0.0,DISTID4,32
NFSGB_mineral,A,mineral,YC6,False,0,210,0,210,-1,-1,-1,-1,-1,-1,-1,-1,-1,-1,-1,-1,-1,-1,-1,-1,-1,-1,-1,-1,-1,1,12,A,0.0,DISTID4,32
NFSitka_mineral,A,mineral,YC4_12,False,0,210,0,210,-1,-1,-1,-1,-1,-1,-1,-1,-1,-1,-1,-1,-1,-1,-1,-1,-1,-1,-1,-1,-1,1,3,A,0.0,DISTID4,33
NFSitka_mineral,A,mineral,YC13_16,False,0,210,0,210,-1,-1,-1,-1,-1,-1,-1,-1,-1,-1,-1,-1,-1,-1,-1,-1,-1,-1,-1,-1,-1,1,3,A,0.0,DISTID4,33
NFSitka_mineral,A,mineral,YC17_20,False,0,210,0,210,-1,-1,-1,-1,-1,-1,-1,-1,-1,-1,-1,-1,-1,-1,-1,-1,-1,-1,-1,-1,-1,1,3,A,0.0,DISTID4,33
NFSitka_mineral,A,mineral,YC20_24,False,0,210,0,210,-1,-1,-1,-1,-1,-1,-1,-1,-1,-1,-1,-1,-1,-1,-1,-1,-1,-1,-1,-1,-1,1,3,A,0.0,DISTID4,33
NFSitka_mineral,A,mineral,YC24_30,False,0,210,0,210,-1,-1,-1,-1,-1,-1,-1,-1,-1,-1,-1,-1,-1,-1,-1,-1,-1,-1,-1,-1,-1,1,3,A,0.0,DISTID4,33
NFSGB_mineral,A,mineral,YC6,False,0,210,0,210,-1,-1,-1,-1,-1,-1,-1,-1,-1,-1,-1,-1,-1,-1,-1,-1,-1,-1,-1,-1,-1,1,12,A,0.0,DISTID4,33
NFSitka_mineral,A,mineral,YC4_12,False,0,210,0,210,-1,-1,-1,-1,-1,-1,-1,-1,-1,-1,-1,-1,-1,-1,-1,-1,-1,-1,-1,-1,-1,1,3,A,0.0,DISTID4,34
NFSitka_mineral,A,mineral,YC13_16,False,0,210,0,210,-1,-1,-1,-1,-1,-1,-1,-1,-1,-1,-1,-1,-1,-1,-1,-1,-1,-1,-1,-1,-1,1,3,A,0.0,DISTID4,34
NFSitka_mineral,A,mineral,YC17_20,False,0,210,0,210,-1,-1,-1,-1,-1,-1,-1,-1,-1,-1,-1,-1,-1,-1,-1,-1,-1,-1,-1,-1,-1,1,3,A,0.0,DISTID4,34
NFSitka_mineral,A,mineral,YC20_24,False,0,210,0,210,-1,-1,-1,-1,-1,-1,-1,-1,-1,-1,-1,-1,-1,-1,-1,-1,-1,-1,-1,-1,-1,1,3,A,0.0,DISTID4,34
NFSitka_mineral,A,mineral,YC24_30,False,0,210,0,210,-1,-1,-1,-1,-1,-1,-1,-1,-1,-1,-1,-1,-1,-1,-1,-1,-1,-1,-1,-1,-1,1,3,A,0.0,DISTID4,34
NFSGB_mineral,A,mineral,YC6,False,0,210,0,210,-1,-1,-1,-1,-1,-1,-1,-1,-1,-1,-1,-1,-1,-1,-1,-1,-1,-1,-1,-1,-1,1,12,A,0.0,DISTID4,34
NFSitka_mineral,A,mineral,YC4_12,False,0,210,0,210,-1,-1,-1,-1,-1,-1,-1,-1,-1,-1,-1,-1,-1,-1,-1,-1,-1,-1,-1,-1,-1,1,3,A,0.0,DISTID4,35
NFSitka_mineral,A,mineral,YC13_16,False,0,210,0,210,-1,-1,-1,-1,-1,-1,-1,-1,-1,-1,-1,-1,-1,-1,-1,-1,-1,-1,-1,-1,-1,1,3,A,0.0,DISTID4,35
NFSitka_mineral,A,mineral,YC17_20,False,0,210,0,210,-1,-1,-1,-1,-1,-1,-1,-1,-1,-1,-1,-1,-1,-1,-1,-1,-1,-1,-1,-1,-1,1,3,A,0.0,DISTID4,35
NFSitka_mineral,A,mineral,YC20_24,False,0,210,0,210,-1,-1,-1,-1,-1,-1,-1,-1,-1,-1,-1,-1,-1,-1,-1,-1,-1,-1,-1,-1,-1,1,3,A,0.0,DISTID4,35
NFSitka_mineral,A,mineral,YC24_30,False,0,210,0,210,-1,-1,-1,-1,-1,-1,-1,-1,-1,-1,-1,-1,-1,-1,-1,-1,-1,-1,-1,-1,-1,1,3,A,0.0,DISTID4,35
NFSGB_mineral,A,mineral,YC6,False,0,210,0,210,-1,-1,-1,-1,-1,-1,-1,-1,-1,-1,-1,-1,-1,-1,-1,-1,-1,-1,-1,-1,-1,1,12,A,0.0,DISTID4,35
NFSitka_mineral,A,mineral,YC4_12,False,0,210,0,210,-1,-1,-1,-1,-1,-1,-1,-1,-1,-1,-1,-1,-1,-1,-1,-1,-1,-1,-1,-1,-1,1,3,A,0.0,DISTID4,36
NFSitka_mineral,A,mineral,YC13_16,False,0,210,0,210,-1,-1,-1,-1,-1,-1,-1,-1,-1,-1,-1,-1,-1,-1,-1,-1,-1,-1,-1,-1,-1,1,3,A,0.0,DISTID4,36
NFSitka_mineral,A,mineral,YC17_20,False,0,210,0,210,-1,-1,-1,-1,-1,-1,-1,-1,-1,-1,-1,-1,-1,-1,-1,-1,-1,-1,-1,-1,-1,1,3,A,0.0,DISTID4,36
NFSitka_mineral,A,mineral,YC20_24,False,0,210,0,210,-1,-1,-1,-1,-1,-1,-1,-1,-1,-1,-1,-1,-1,-1,-1,-1,-1,-1,-1,-1,-1,1,3,A,0.0,DISTID4,36
NFSitka_mineral,A,mineral,YC24_30,False,0,210,0,210,-1,-1,-1,-1,-1,-1,-1,-1,-1,-1,-1,-1,-1,-1,-1,-1,-1,-1,-1,-1,-1,1,3,A,0.0,DISTID4,36
NFSGB_mineral,A,mineral,YC6,False,0,210,0,210,-1,-1,-1,-1,-1,-1,-1,-1,-1,-1,-1,-1,-1,-1,-1,-1,-1,-1,-1,-1,-1,1,12,A,0.0,DISTID4,36
NFSitka_mineral,A,mineral,YC4_12,False,0,210,0,210,-1,-1,-1,-1,-1,-1,-1,-1,-1,-1,-1,-1,-1,-1,-1,-1,-1,-1,-1,-1,-1,1,3,A,0.0,DISTID4,37
NFSitka_mineral,A,mineral,YC13_16,False,0,210,0,210,-1,-1,-1,-1,-1,-1,-1,-1,-1,-1,-1,-1,-1,-1,-1,-1,-1,-1,-1,-1,-1,1,3,A,0.0,DISTID4,37
NFSitka_mineral,A,mineral,YC17_20,False,0,210,0,210,-1,-1,-1,-1,-1,-1,-1,-1,-1,-1,-1,-1,-1,-1,-1,-1,-1,-1,-1,-1,-1,1,3,A,0.0,DISTID4,37
NFSitka_mineral,A,mineral,YC20_24,False,0,210,0,210,-1,-1,-1,-1,-1,-1,-1,-1,-1,-1,-1,-1,-1,-1,-1,-1,-1,-1,-1,-1,-1,1,3,A,0.0,DISTID4,37
NFSitka_mineral,A,mineral,YC24_30,False,0,210,0,210,-1,-1,-1,-1,-1,-1,-1,-1,-1,-1,-1,-1,-1,-1,-1,-1,-1,-1,-1,-1,-1,1,3,A,0.0,DISTID4,37
NFSGB_mineral,A,mineral,YC6,False,0,210,0,210,-1,-1,-1,-1,-1,-1,-1,-1,-1,-1,-1,-1,-1,-1,-1,-1,-1,-1,-1,-1,-1,1,12,A,0.0,DISTID4,37
NFSitka_mineral,A,mineral,YC4_12,False,0,210,0,210,-1,-1,-1,-1,-1,-1,-1,-1,-1,-1,-1,-1,-1,-1,-1,-1,-1,-1,-1,-1,-1,1,3,A,0.0,DISTID4,38
NFSitka_mineral,A,mineral,YC13_16,False,0,210,0,210,-1,-1,-1,-1,-1,-1,-1,-1,-1,-1,-1,-1,-1,-1,-1,-1,-1,-1,-1,-1,-1,1,3,A,0.0,DISTID4,38
NFSitka_mineral,A,mineral,YC17_20,False,0,210,0,210,-1,-1,-1,-1,-1,-1,-1,-1,-1,-1,-1,-1,-1,-1,-1,-1,-1,-1,-1,-1,-1,1,3,A,0.0,DISTID4,38
NFSitka_mineral,A,mineral,YC20_24,False,0,210,0,210,-1,-1,-1,-1,-1,-1,-1,-1,-1,-1,-1,-1,-1,-1,-1,-1,-1,-1,-1,-1,-1,1,3,A,0.0,DISTID4,38
NFSitka_mineral,A,mineral,YC24_30,False,0,210,0,210,-1,-1,-1,-1,-1,-1,-1,-1,-1,-1,-1,-1,-1,-1,-1,-1,-1,-1,-1,-1,-1,1,3,A,0.0,DISTID4,38
NFSGB_mineral,A,mineral,YC6,False,0,210,0,210,-1,-1,-1,-1,-1,-1,-1,-1,-1,-1,-1,-1,-1,-1,-1,-1,-1,-1,-1,-1,-1,1,12,A,0.0,DISTID4,38
NFSitka_mineral,A,mineral,YC4_12,False,0,210,0,210,-1,-1,-1,-1,-1,-1,-1,-1,-1,-1,-1,-1,-1,-1,-1,-1,-1,-1,-1,-1,-1,1,3,A,0.0,DISTID4,39
NFSitka_mineral,A,mineral,YC13_16,False,0,210,0,210,-1,-1,-1,-1,-1,-1,-1,-1,-1,-1,-1,-1,-1,-1,-1,-1,-1,-1,-1,-1,-1,1,3,A,0.0,DISTID4,39
NFSitka_mineral,A,mineral,YC17_20,False,0,210,0,210,-1,-1,-1,-1,-1,-1,-1,-1,-1,-1,-1,-1,-1,-1,-1,-1,-1,-1,-1,-1,-1,1,3,A,0.0,DISTID4,39
NFSitka_mineral,A,mineral,YC20_24,False,0,210,0,210,-1,-1,-1,-1,-1,-1,-1,-1,-1,-1,-1,-1,-1,-1,-1,-1,-1,-1,-1,-1,-1,1,3,A,0.0,DISTID4,39
NFSitka_mineral,A,mineral,YC24_30,False,0,210,0,210,-1,-1,-1,-1,-1,-1,-1,-1,-1,-1,-1,-1,-1,-1,-1,-1,-1,-1,-1,-1,-1,1,3,A,0.0,DISTID4,39
NFSGB_mineral,A,mineral,YC6,False,0,210,0,210,-1,-1,-1,-1,-1,-1,-1,-1,-1,-1,-1,-1,-1,-1,-1,-1,-1,-1,-1,-1,-1,1,12,A,0.0,DISTID4,39
NFSitka_mineral,A,mineral,YC4_12,False,0,210,0,210,-1,-1,-1,-1,-1,-1,-1,-1,-1,-1,-1,-1,-1,-1,-1,-1,-1,-1,-1,-1,-1,1,3,A,0.0,DISTID4,40
NFSitka_mineral,A,mineral,YC13_16,False,0,210,0,210,-1,-1,-1,-1,-1,-1,-1,-1,-1,-1,-1,-1,-1,-1,-1,-1,-1,-1,-1,-1,-1,1,3,A,0.0,DISTID4,40
NFSitka_mineral,A,mineral,YC17_20,False,0,210,0,210,-1,-1,-1,-1,-1,-1,-1,-1,-1,-1,-1,-1,-1,-1,-1,-1,-1,-1,-1,-1,-1,1,3,A,0.0,DISTID4,40
NFSitka_mineral,A,mineral,YC20_24,False,0,210,0,210,-1,-1,-1,-1,-1,-1,-1,-1,-1,-1,-1,-1,-1,-1,-1,-1,-1,-1,-1,-1,-1,1,3,A,0.0,DISTID4,40
NFSitka_mineral,A,mineral,YC24_30,False,0,210,0,210,-1,-1,-1,-1,-1,-1,-1,-1,-1,-1,-1,-1,-1,-1,-1,-1,-1,-1,-1,-1,-1,1,3,A,0.0,DISTID4,40
NFSGB_mineral,A,mineral,YC6,False,0,210,0,210,-1,-1,-1,-1,-1,-1,-1,-1,-1,-1,-1,-1,-1,-1,-1,-1,-1,-1,-1,-1,-1,1,12,A,0.0,DISTID4,40
NFSitka_mineral,A,mineral,YC4_12,False,0,210,0,210,-1,-1,-1,-1,-1,-1,-1,-1,-1,-1,-1,-1,-1,-1,-1,-1,-1,-1,-1,-1,-1,1,3,A,0.0,DISTID4,41
NFSitka_mineral,A,mineral,YC13_16,False,0,210,0,210,-1,-1,-1,-1,-1,-1,-1,-1,-1,-1,-1,-1,-1,-1,-1,-1,-1,-1,-1,-1,-1,1,3,A,0.0,DISTID4,41
NFSitka_mineral,A,mineral,YC17_20,False,0,210,0,210,-1,-1,-1,-1,-1,-1,-1,-1,-1,-1,-1,-1,-1,-1,-1,-1,-1,-1,-1,-1,-1,1,3,A,0.0,DISTID4,41
NFSitka_mineral,A,mineral,YC20_24,False,0,210,0,210,-1,-1,-1,-1,-1,-1,-1,-1,-1,-1,-1,-1,-1,-1,-1,-1,-1,-1,-1,-1,-1,1,3,A,0.0,DISTID4,41
NFSitka_mineral,A,mineral,YC24_30,False,0,210,0,210,-1,-1,-1,-1,-1,-1,-1,-1,-1,-1,-1,-1,-1,-1,-1,-1,-1,-1,-1,-1,-1,1,3,A,0.0,DISTID4,41
NFSGB_mineral,A,mineral,YC6,False,0,210,0,210,-1,-1,-1,-1,-1,-1,-1,-1,-1,-1,-1,-1,-1,-1,-1,-1,-1,-1,-1,-1,-1,1,12,A,0.0,DISTID4,41
NFSitka_mineral,A,mineral,YC4_12,False,0,210,0,210,-1,-1,-1,-1,-1,-1,-1,-1,-1,-1,-1,-1,-1,-1,-1,-1,-1,-1,-1,-1,-1,1,3,A,0.0,DISTID4,42
NFSitka_mineral,A,mineral,YC13_16,False,0,210,0,210,-1,-1,-1,-1,-1,-1,-1,-1,-1,-1,-1,-1,-1,-1,-1,-1,-1,-1,-1,-1,-1,1,3,A,0.0,DISTID4,42
NFSitka_mineral,A,mineral,YC17_20,False,0,210,0,210,-1,-1,-1,-1,-1,-1,-1,-1,-1,-1,-1,-1,-1,-1,-1,-1,-1,-1,-1,-1,-1,1,3,A,0.0,DISTID4,42
NFSitka_mineral,A,mineral,YC20_24,False,0,210,0,210,-1,-1,-1,-1,-1,-1,-1,-1,-1,-1,-1,-1,-1,-1,-1,-1,-1,-1,-1,-1,-1,1,3,A,0.0,DISTID4,42
NFSitka_mineral,A,mineral,YC24_30,False,0,210,0,210,-1,-1,-1,-1,-1,-1,-1,-1,-1,-1,-1,-1,-1,-1,-1,-1,-1,-1,-1,-1,-1,1,3,A,0.0,DISTID4,42
NFSGB_mineral,A,mineral,YC6,False,0,210,0,210,-1,-1,-1,-1,-1,-1,-1,-1,-1,-1,-1,-1,-1,-1,-1,-1,-1,-1,-1,-1,-1,1,12,A,0.0,DISTID4,42
NFSitka_mineral,A,mineral,YC4_12,False,0,210,0,210,-1,-1,-1,-1,-1,-1,-1,-1,-1,-1,-1,-1,-1,-1,-1,-1,-1,-1,-1,-1,-1,1,3,A,0.0,DISTID4,43
NFSitka_mineral,A,mineral,YC13_16,False,0,210,0,210,-1,-1,-1,-1,-1,-1,-1,-1,-1,-1,-1,-1,-1,-1,-1,-1,-1,-1,-1,-1,-1,1,3,A,0.0,DISTID4,43
NFSitka_mineral,A,mineral,YC17_20,False,0,210,0,210,-1,-1,-1,-1,-1,-1,-1,-1,-1,-1,-1,-1,-1,-1,-1,-1,-1,-1,-1,-1,-1,1,3,A,0.0,DISTID4,43
NFSitka_mineral,A,mineral,YC20_24,False,0,210,0,210,-1,-1,-1,-1,-1,-1,-1,-1,-1,-1,-1,-1,-1,-1,-1,-1,-1,-1,-1,-1,-1,1,3,A,0.0,DISTID4,43
NFSitka_mineral,A,mineral,YC24_30,False,0,210,0,210,-1,-1,-1,-1,-1,-1,-1,-1,-1,-1,-1,-1,-1,-1,-1,-1,-1,-1,-1,-1,-1,1,3,A,0.0,DISTID4,43
NFSGB_mineral,A,mineral,YC6,False,0,210,0,210,-1,-1,-1,-1,-1,-1,-1,-1,-1,-1,-1,-1,-1,-1,-1,-1,-1,-1,-1,-1,-1,1,12,A,0.0,DISTID4,43
NFSitka_mineral,A,mineral,YC4_12,False,0,210,0,210,-1,-1,-1,-1,-1,-1,-1,-1,-1,-1,-1,-1,-1,-1,-1,-1,-1,-1,-1,-1,-1,1,3,A,0.0,DISTID4,44
NFSitka_mineral,A,mineral,YC13_16,False,0,210,0,210,-1,-1,-1,-1,-1,-1,-1,-1,-1,-1,-1,-1,-1,-1,-1,-1,-1,-1,-1,-1,-1,1,3,A,0.0,DISTID4,44
NFSitka_mineral,A,mineral,YC17_20,False,0,210,0,210,-1,-1,-1,-1,-1,-1,-1,-1,-1,-1,-1,-1,-1,-1,-1,-1,-1,-1,-1,-1,-1,1,3,A,0.0,DISTID4,44
NFSitka_mineral,A,mineral,YC20_24,False,0,210,0,210,-1,-1,-1,-1,-1,-1,-1,-1,-1,-1,-1,-1,-1,-1,-1,-1,-1,-1,-1,-1,-1,1,3,A,0.0,DISTID4,44
NFSitka_mineral,A,mineral,YC24_30,False,0,210,0,210,-1,-1,-1,-1,-1,-1,-1,-1,-1,-1,-1,-1,-1,-1,-1,-1,-1,-1,-1,-1,-1,1,3,A,0.0,DISTID4,44
NFSGB_mineral,A,mineral,YC6,False,0,210,0,210,-1,-1,-1,-1,-1,-1,-1,-1,-1,-1,-1,-1,-1,-1,-1,-1,-1,-1,-1,-1,-1,1,12,A,0.0,DISTID4,44
NFSitka_mineral,A,mineral,YC4_12,False,0,210,0,210,-1,-1,-1,-1,-1,-1,-1,-1,-1,-1,-1,-1,-1,-1,-1,-1,-1,-1,-1,-1,-1,1,3,A,0.0,DISTID4,45
NFSitka_mineral,A,mineral,YC13_16,False,0,210,0,210,-1,-1,-1,-1,-1,-1,-1,-1,-1,-1,-1,-1,-1,-1,-1,-1,-1,-1,-1,-1,-1,1,3,A,0.0,DISTID4,45
NFSitka_mineral,A,mineral,YC17_20,False,0,210,0,210,-1,-1,-1,-1,-1,-1,-1,-1,-1,-1,-1,-1,-1,-1,-1,-1,-1,-1,-1,-1,-1,1,3,A,0.0,DISTID4,45
NFSitka_mineral,A,mineral,YC20_24,False,0,210,0,210,-1,-1,-1,-1,-1,-1,-1,-1,-1,-1,-1,-1,-1,-1,-1,-1,-1,-1,-1,-1,-1,1,3,A,0.0,DISTID4,45
NFSitka_mineral,A,mineral,YC24_30,False,0,210,0,210,-1,-1,-1,-1,-1,-1,-1,-1,-1,-1,-1,-1,-1,-1,-1,-1,-1,-1,-1,-1,-1,1,3,A,0.0,DISTID4,45
NFSGB_mineral,A,mineral,YC6,False,0,210,0,210,-1,-1,-1,-1,-1,-1,-1,-1,-1,-1,-1,-1,-1,-1,-1,-1,-1,-1,-1,-1,-1,1,12,A,0.0,DISTID4,45
NFSitka_mineral,A,mineral,YC4_12,False,0,210,0,210,-1,-1,-1,-1,-1,-1,-1,-1,-1,-1,-1,-1,-1,-1,-1,-1,-1,-1,-1,-1,-1,1,3,A,0.0,DISTID4,46
NFSitka_mineral,A,mineral,YC13_16,False,0,210,0,210,-1,-1,-1,-1,-1,-1,-1,-1,-1,-1,-1,-1,-1,-1,-1,-1,-1,-1,-1,-1,-1,1,3,A,0.0,DISTID4,46
NFSitka_mineral,A,mineral,YC17_20,False,0,210,0,210,-1,-1,-1,-1,-1,-1,-1,-1,-1,-1,-1,-1,-1,-1,-1,-1,-1,-1,-1,-1,-1,1,3,A,0.0,DISTID4,46
NFSitka_mineral,A,mineral,YC20_24,False,0,210,0,210,-1,-1,-1,-1,-1,-1,-1,-1,-1,-1,-1,-1,-1,-1,-1,-1,-1,-1,-1,-1,-1,1,3,A,0.0,DISTID4,46
NFSitka_mineral,A,mineral,YC24_30,False,0,210,0,210,-1,-1,-1,-1,-1,-1,-1,-1,-1,-1,-1,-1,-1,-1,-1,-1,-1,-1,-1,-1,-1,1,3,A,0.0,DISTID4,46
NFSGB_mineral,A,mineral,YC6,False,0,210,0,210,-1,-1,-1,-1,-1,-1,-1,-1,-1,-1,-1,-1,-1,-1,-1,-1,-1,-1,-1,-1,-1,1,12,A,0.0,DISTID4,46
NFSitka_mineral,A,mineral,YC4_12,False,0,210,0,210,-1,-1,-1,-1,-1,-1,-1,-1,-1,-1,-1,-1,-1,-1,-1,-1,-1,-1,-1,-1,-1,1,3,A,0.0,DISTID4,47
NFSitka_mineral,A,mineral,YC13_16,False,0,210,0,210,-1,-1,-1,-1,-1,-1,-1,-1,-1,-1,-1,-1,-1,-1,-1,-1,-1,-1,-1,-1,-1,1,3,A,0.0,DISTID4,47
NFSitka_mineral,A,mineral,YC17_20,False,0,210,0,210,-1,-1,-1,-1,-1,-1,-1,-1,-1,-1,-1,-1,-1,-1,-1,-1,-1,-1,-1,-1,-1,1,3,A,0.0,DISTID4,47
NFSitka_mineral,A,mineral,YC20_24,False,0,210,0,210,-1,-1,-1,-1,-1,-1,-1,-1,-1,-1,-1,-1,-1,-1,-1,-1,-1,-1,-1,-1,-1,1,3,A,0.0,DISTID4,47
NFSitka_mineral,A,mineral,YC24_30,False,0,210,0,210,-1,-1,-1,-1,-1,-1,-1,-1,-1,-1,-1,-1,-1,-1,-1,-1,-1,-1,-1,-1,-1,1,3,A,0.0,DISTID4,47
NFSGB_mineral,A,mineral,YC6,False,0,210,0,210,-1,-1,-1,-1,-1,-1,-1,-1,-1,-1,-1,-1,-1,-1,-1,-1,-1,-1,-1,-1,-1,1,12,A,0.0,DISTID4,47
NFSitka_mineral,A,mineral,YC4_12,False,0,210,0,210,-1,-1,-1,-1,-1,-1,-1,-1,-1,-1,-1,-1,-1,-1,-1,-1,-1,-1,-1,-1,-1,1,3,A,0.0,DISTID4,48
NFSitka_mineral,A,mineral,YC13_16,False,0,210,0,210,-1,-1,-1,-1,-1,-1,-1,-1,-1,-1,-1,-1,-1,-1,-1,-1,-1,-1,-1,-1,-1,1,3,A,0.0,DISTID4,48
NFSitka_mineral,A,mineral,YC17_20,False,0,210,0,210,-1,-1,-1,-1,-1,-1,-1,-1,-1,-1,-1,-1,-1,-1,-1,-1,-1,-1,-1,-1,-1,1,3,A,0.0,DISTID4,48
NFSitka_mineral,A,mineral,YC20_24,False,0,210,0,210,-1,-1,-1,-1,-1,-1,-1,-1,-1,-1,-1,-1,-1,-1,-1,-1,-1,-1,-1,-1,-1,1,3,A,0.0,DISTID4,48
NFSitka_mineral,A,mineral,YC24_30,False,0,210,0,210,-1,-1,-1,-1,-1,-1,-1,-1,-1,-1,-1,-1,-1,-1,-1,-1,-1,-1,-1,-1,-1,1,3,A,0.0,DISTID4,48
NFSGB_mineral,A,mineral,YC6,False,0,210,0,210,-1,-1,-1,-1,-1,-1,-1,-1,-1,-1,-1,-1,-1,-1,-1,-1,-1,-1,-1,-1,-1,1,12,A,0.0,DISTID4,48
NFSitka_mineral,A,mineral,YC4_12,False,0,210,0,210,-1,-1,-1,-1,-1,-1,-1,-1,-1,-1,-1,-1,-1,-1,-1,-1,-1,-1,-1,-1,-1,1,3,A,0.0,DISTID4,49
NFSitka_mineral,A,mineral,YC13_16,False,0,210,0,210,-1,-1,-1,-1,-1,-1,-1,-1,-1,-1,-1,-1,-1,-1,-1,-1,-1,-1,-1,-1,-1,1,3,A,0.0,DISTID4,49
NFSitka_mineral,A,mineral,YC17_20,False,0,210,0,210,-1,-1,-1,-1,-1,-1,-1,-1,-1,-1,-1,-1,-1,-1,-1,-1,-1,-1,-1,-1,-1,1,3,A,0.0,DISTID4,49
NFSitka_mineral,A,mineral,YC20_24,False,0,210,0,210,-1,-1,-1,-1,-1,-1,-1,-1,-1,-1,-1,-1,-1,-1,-1,-1,-1,-1,-1,-1,-1,1,3,A,0.0,DISTID4,49
NFSitka_mineral,A,mineral,YC24_30,False,0,210,0,210,-1,-1,-1,-1,-1,-1,-1,-1,-1,-1,-1,-1,-1,-1,-1,-1,-1,-1,-1,-1,-1,1,3,A,0.0,DISTID4,49
NFSGB_mineral,A,mineral,YC6,False,0,210,0,210,-1,-1,-1,-1,-1,-1,-1,-1,-1,-1,-1,-1,-1,-1,-1,-1,-1,-1,-1,-1,-1,1,12,A,0.0,DISTID4,49
NFSitka_mineral,A,mineral,YC4_12,False,0,210,0,210,-1,-1,-1,-1,-1,-1,-1,-1,-1,-1,-1,-1,-1,-1,-1,-1,-1,-1,-1,-1,-1,1,3,A,0.0,DISTID4,50
NFSitka_mineral,A,mineral,YC13_16,False,0,210,0,210,-1,-1,-1,-1,-1,-1,-1,-1,-1,-1,-1,-1,-1,-1,-1,-1,-1,-1,-1,-1,-1,1,3,A,0.0,DISTID4,50
NFSitka_mineral,A,mineral,YC17_20,False,0,210,0,210,-1,-1,-1,-1,-1,-1,-1,-1,-1,-1,-1,-1,-1,-1,-1,-1,-1,-1,-1,-1,-1,1,3,A,0.0,DISTID4,50
NFSitka_mineral,A,mineral,YC20_24,False,0,210,0,210,-1,-1,-1,-1,-1,-1,-1,-1,-1,-1,-1,-1,-1,-1,-1,-1,-1,-1,-1,-1,-1,1,3,A,0.0,DISTID4,50
NFSitka_mineral,A,mineral,YC24_30,False,0,210,0,210,-1,-1,-1,-1,-1,-1,-1,-1,-1,-1,-1,-1,-1,-1,-1,-1,-1,-1,-1,-1,-1,1,3,A,0.0,DISTID4,50
NFSGB_mineral,A,mineral,YC6,False,0,210,0,210,-1,-1,-1,-1,-1,-1,-1,-1,-1,-1,-1,-1,-1,-1,-1,-1,-1,-1,-1,-1,-1,1,12,A,0.0,DISTID4,50
NFSitka_mineral,A,mineral,YC4_12,False,0,210,0,210,-1,-1,-1,-1,-1,-1,-1,-1,-1,-1,-1,-1,-1,-1,-1,-1,-1,-1,-1,-1,-1,1,3,A,0.0,DISTID4,51
NFSitka_mineral,A,mineral,YC13_16,False,0,210,0,210,-1,-1,-1,-1,-1,-1,-1,-1,-1,-1,-1,-1,-1,-1,-1,-1,-1,-1,-1,-1,-1,1,3,A,0.0,DISTID4,51
NFSitka_mineral,A,mineral,YC17_20,False,0,210,0,210,-1,-1,-1,-1,-1,-1,-1,-1,-1,-1,-1,-1,-1,-1,-1,-1,-1,-1,-1,-1,-1,1,3,A,0.0,DISTID4,51
NFSitka_mineral,A,mineral,YC20_24,False,0,210,0,210,-1,-1,-1,-1,-1,-1,-1,-1,-1,-1,-1,-1,-1,-1,-1,-1,-1,-1,-1,-1,-1,1,3,A,0.0,DISTID4,51
NFSitka_mineral,A,mineral,YC24_30,False,0,210,0,210,-1,-1,-1,-1,-1,-1,-1,-1,-1,-1,-1,-1,-1,-1,-1,-1,-1,-1,-1,-1,-1,1,3,A,0.0,DISTID4,51
NFSGB_mineral,A,mineral,YC6,False,0,210,0,210,-1,-1,-1,-1,-1,-1,-1,-1,-1,-1,-1,-1,-1,-1,-1,-1,-1,-1,-1,-1,-1,1,12,A,0.0,DISTID4,51
NFSitka_mineral,A,mineral,YC4_12,False,0,210,0,210,-1,-1,-1,-1,-1,-1,-1,-1,-1,-1,-1,-1,-1,-1,-1,-1,-1,-1,-1,-1,-1,1,3,A,0.0,DISTID4,52
NFSitka_mineral,A,mineral,YC13_16,False,0,210,0,210,-1,-1,-1,-1,-1,-1,-1,-1,-1,-1,-1,-1,-1,-1,-1,-1,-1,-1,-1,-1,-1,1,3,A,0.0,DISTID4,52
NFSitka_mineral,A,mineral,YC17_20,False,0,210,0,210,-1,-1,-1,-1,-1,-1,-1,-1,-1,-1,-1,-1,-1,-1,-1,-1,-1,-1,-1,-1,-1,1,3,A,0.0,DISTID4,52
NFSitka_mineral,A,mineral,YC20_24,False,0,210,0,210,-1,-1,-1,-1,-1,-1,-1,-1,-1,-1,-1,-1,-1,-1,-1,-1,-1,-1,-1,-1,-1,1,3,A,0.0,DISTID4,52
NFSitka_mineral,A,mineral,YC24_30,False,0,210,0,210,-1,-1,-1,-1,-1,-1,-1,-1,-1,-1,-1,-1,-1,-1,-1,-1,-1,-1,-1,-1,-1,1,3,A,0.0,DISTID4,52
NFSGB_mineral,A,mineral,YC6,False,0,210,0,210,-1,-1,-1,-1,-1,-1,-1,-1,-1,-1,-1,-1,-1,-1,-1,-1,-1,-1,-1,-1,-1,1,12,A,0.0,DISTID4,52
NFSitka_mineral,A,mineral,YC4_12,False,0,210,0,210,-1,-1,-1,-1,-1,-1,-1,-1,-1,-1,-1,-1,-1,-1,-1,-1,-1,-1,-1,-1,-1,1,3,A,0.0,DISTID4,53
NFSitka_mineral,A,mineral,YC13_16,False,0,210,0,210,-1,-1,-1,-1,-1,-1,-1,-1,-1,-1,-1,-1,-1,-1,-1,-1,-1,-1,-1,-1,-1,1,3,A,0.0,DISTID4,53
NFSitka_mineral,A,mineral,YC17_20,False,0,210,0,210,-1,-1,-1,-1,-1,-1,-1,-1,-1,-1,-1,-1,-1,-1,-1,-1,-1,-1,-1,-1,-1,1,3,A,0.0,DISTID4,53
NFSitka_mineral,A,mineral,YC20_24,False,0,210,0,210,-1,-1,-1,-1,-1,-1,-1,-1,-1,-1,-1,-1,-1,-1,-1,-1,-1,-1,-1,-1,-1,1,3,A,0.0,DISTID4,53
NFSitka_mineral,A,mineral,YC24_30,False,0,210,0,210,-1,-1,-1,-1,-1,-1,-1,-1,-1,-1,-1,-1,-1,-1,-1,-1,-1,-1,-1,-1,-1,1,3,A,0.0,DISTID4,53
NFSGB_mineral,A,mineral,YC6,False,0,210,0,210,-1,-1,-1,-1,-1,-1,-1,-1,-1,-1,-1,-1,-1,-1,-1,-1,-1,-1,-1,-1,-1,1,12,A,0.0,DISTID4,53
NFSitka_mineral,A,mineral,YC4_12,False,0,210,0,210,-1,-1,-1,-1,-1,-1,-1,-1,-1,-1,-1,-1,-1,-1,-1,-1,-1,-1,-1,-1,-1,1,3,A,0.0,DISTID4,54
NFSitka_mineral,A,mineral,YC13_16,False,0,210,0,210,-1,-1,-1,-1,-1,-1,-1,-1,-1,-1,-1,-1,-1,-1,-1,-1,-1,-1,-1,-1,-1,1,3,A,0.0,DISTID4,54
NFSitka_mineral,A,mineral,YC17_20,False,0,210,0,210,-1,-1,-1,-1,-1,-1,-1,-1,-1,-1,-1,-1,-1,-1,-1,-1,-1,-1,-1,-1,-1,1,3,A,0.0,DISTID4,54
NFSitka_mineral,A,mineral,YC20_24,False,0,210,0,210,-1,-1,-1,-1,-1,-1,-1,-1,-1,-1,-1,-1,-1,-1,-1,-1,-1,-1,-1,-1,-1,1,3,A,0.0,DISTID4,54
NFSitka_mineral,A,mineral,YC24_30,False,0,210,0,210,-1,-1,-1,-1,-1,-1,-1,-1,-1,-1,-1,-1,-1,-1,-1,-1,-1,-1,-1,-1,-1,1,3,A,0.0,DISTID4,54
NFSGB_mineral,A,mineral,YC6,False,0,210,0,210,-1,-1,-1,-1,-1,-1,-1,-1,-1,-1,-1,-1,-1,-1,-1,-1,-1,-1,-1,-1,-1,1,12,A,0.0,DISTID4,54
NFSitka_mineral,A,mineral,YC4_12,False,0,210,0,210,-1,-1,-1,-1,-1,-1,-1,-1,-1,-1,-1,-1,-1,-1,-1,-1,-1,-1,-1,-1,-1,1,3,A,0.0,DISTID4,55
NFSitka_mineral,A,mineral,YC13_16,False,0,210,0,210,-1,-1,-1,-1,-1,-1,-1,-1,-1,-1,-1,-1,-1,-1,-1,-1,-1,-1,-1,-1,-1,1,3,A,0.0,DISTID4,55
NFSitka_mineral,A,mineral,YC17_20,False,0,210,0,210,-1,-1,-1,-1,-1,-1,-1,-1,-1,-1,-1,-1,-1,-1,-1,-1,-1,-1,-1,-1,-1,1,3,A,0.0,DISTID4,55
NFSitka_mineral,A,mineral,YC20_24,False,0,210,0,210,-1,-1,-1,-1,-1,-1,-1,-1,-1,-1,-1,-1,-1,-1,-1,-1,-1,-1,-1,-1,-1,1,3,A,0.0,DISTID4,55
NFSitka_mineral,A,mineral,YC24_30,False,0,210,0,210,-1,-1,-1,-1,-1,-1,-1,-1,-1,-1,-1,-1,-1,-1,-1,-1,-1,-1,-1,-1,-1,1,3,A,0.0,DISTID4,55
NFSGB_mineral,A,mineral,YC6,False,0,210,0,210,-1,-1,-1,-1,-1,-1,-1,-1,-1,-1,-1,-1,-1,-1,-1,-1,-1,-1,-1,-1,-1,1,12,A,0.0,DISTID4,55
NFSitka_mineral,A,mineral,YC4_12,False,0,210,0,210,-1,-1,-1,-1,-1,-1,-1,-1,-1,-1,-1,-1,-1,-1,-1,-1,-1,-1,-1,-1,-1,1,3,A,0.0,DISTID4,56
NFSitka_mineral,A,mineral,YC13_16,False,0,210,0,210,-1,-1,-1,-1,-1,-1,-1,-1,-1,-1,-1,-1,-1,-1,-1,-1,-1,-1,-1,-1,-1,1,3,A,0.0,DISTID4,56
NFSitka_mineral,A,mineral,YC17_20,False,0,210,0,210,-1,-1,-1,-1,-1,-1,-1,-1,-1,-1,-1,-1,-1,-1,-1,-1,-1,-1,-1,-1,-1,1,3,A,0.0,DISTID4,56
NFSitka_mineral,A,mineral,YC20_24,False,0,210,0,210,-1,-1,-1,-1,-1,-1,-1,-1,-1,-1,-1,-1,-1,-1,-1,-1,-1,-1,-1,-1,-1,1,3,A,0.0,DISTID4,56
NFSitka_mineral,A,mineral,YC24_30,False,0,210,0,210,-1,-1,-1,-1,-1,-1,-1,-1,-1,-1,-1,-1,-1,-1,-1,-1,-1,-1,-1,-1,-1,1,3,A,0.0,DISTID4,56
NFSGB_mineral,A,mineral,YC6,False,0,210,0,210,-1,-1,-1,-1,-1,-1,-1,-1,-1,-1,-1,-1,-1,-1,-1,-1,-1,-1,-1,-1,-1,1,12,A,0.0,DISTID4,56
NFSitka_mineral,A,mineral,YC4_12,False,0,210,0,210,-1,-1,-1,-1,-1,-1,-1,-1,-1,-1,-1,-1,-1,-1,-1,-1,-1,-1,-1,-1,-1,1,3,A,0.0,DISTID4,57
NFSitka_mineral,A,mineral,YC13_16,False,0,210,0,210,-1,-1,-1,-1,-1,-1,-1,-1,-1,-1,-1,-1,-1,-1,-1,-1,-1,-1,-1,-1,-1,1,3,A,0.0,DISTID4,57
NFSitka_mineral,A,mineral,YC17_20,False,0,210,0,210,-1,-1,-1,-1,-1,-1,-1,-1,-1,-1,-1,-1,-1,-1,-1,-1,-1,-1,-1,-1,-1,1,3,A,0.0,DISTID4,57
NFSitka_mineral,A,mineral,YC20_24,False,0,210,0,210,-1,-1,-1,-1,-1,-1,-1,-1,-1,-1,-1,-1,-1,-1,-1,-1,-1,-1,-1,-1,-1,1,3,A,0.0,DISTID4,57
NFSitka_mineral,A,mineral,YC24_30,False,0,210,0,210,-1,-1,-1,-1,-1,-1,-1,-1,-1,-1,-1,-1,-1,-1,-1,-1,-1,-1,-1,-1,-1,1,3,A,0.0,DISTID4,57
NFSGB_mineral,A,mineral,YC6,False,0,210,0,210,-1,-1,-1,-1,-1,-1,-1,-1,-1,-1,-1,-1,-1,-1,-1,-1,-1,-1,-1,-1,-1,1,12,A,0.0,DISTID4,57
NFSitka_mineral,A,mineral,YC4_12,False,0,210,0,210,-1,-1,-1,-1,-1,-1,-1,-1,-1,-1,-1,-1,-1,-1,-1,-1,-1,-1,-1,-1,-1,1,3,A,0.0,DISTID4,58
NFSitka_mineral,A,mineral,YC13_16,False,0,210,0,210,-1,-1,-1,-1,-1,-1,-1,-1,-1,-1,-1,-1,-1,-1,-1,-1,-1,-1,-1,-1,-1,1,3,A,0.0,DISTID4,58
NFSitka_mineral,A,mineral,YC17_20,False,0,210,0,210,-1,-1,-1,-1,-1,-1,-1,-1,-1,-1,-1,-1,-1,-1,-1,-1,-1,-1,-1,-1,-1,1,3,A,0.0,DISTID4,58
NFSitka_mineral,A,mineral,YC20_24,False,0,210,0,210,-1,-1,-1,-1,-1,-1,-1,-1,-1,-1,-1,-1,-1,-1,-1,-1,-1,-1,-1,-1,-1,1,3,A,0.0,DISTID4,58
NFSitka_mineral,A,mineral,YC24_30,False,0,210,0,210,-1,-1,-1,-1,-1,-1,-1,-1,-1,-1,-1,-1,-1,-1,-1,-1,-1,-1,-1,-1,-1,1,3,A,0.0,DISTID4,58
NFSGB_mineral,A,mineral,YC6,False,0,210,0,210,-1,-1,-1,-1,-1,-1,-1,-1,-1,-1,-1,-1,-1,-1,-1,-1,-1,-1,-1,-1,-1,1,12,A,0.0,DISTID4,58
NFSitka_mineral,A,mineral,YC4_12,False,0,210,0,210,-1,-1,-1,-1,-1,-1,-1,-1,-1,-1,-1,-1,-1,-1,-1,-1,-1,-1,-1,-1,-1,1,3,A,0.0,DISTID4,59
NFSitka_mineral,A,mineral,YC13_16,False,0,210,0,210,-1,-1,-1,-1,-1,-1,-1,-1,-1,-1,-1,-1,-1,-1,-1,-1,-1,-1,-1,-1,-1,1,3,A,0.0,DISTID4,59
NFSitka_mineral,A,mineral,YC17_20,False,0,210,0,210,-1,-1,-1,-1,-1,-1,-1,-1,-1,-1,-1,-1,-1,-1,-1,-1,-1,-1,-1,-1,-1,1,3,A,0.0,DISTID4,59
NFSitka_mineral,A,mineral,YC20_24,False,0,210,0,210,-1,-1,-1,-1,-1,-1,-1,-1,-1,-1,-1,-1,-1,-1,-1,-1,-1,-1,-1,-1,-1,1,3,A,0.0,DISTID4,59
NFSitka_mineral,A,mineral,YC24_30,False,0,210,0,210,-1,-1,-1,-1,-1,-1,-1,-1,-1,-1,-1,-1,-1,-1,-1,-1,-1,-1,-1,-1,-1,1,3,A,0.0,DISTID4,59
NFSGB_mineral,A,mineral,YC6,False,0,210,0,210,-1,-1,-1,-1,-1,-1,-1,-1,-1,-1,-1,-1,-1,-1,-1,-1,-1,-1,-1,-1,-1,1,12,A,0.0,DISTID4,59
NFSitka_mineral,A,mineral,YC4_12,False,0,210,0,210,-1,-1,-1,-1,-1,-1,-1,-1,-1,-1,-1,-1,-1,-1,-1,-1,-1,-1,-1,-1,-1,1,3,A,0.0,DISTID4,60
NFSitka_mineral,A,mineral,YC13_16,False,0,210,0,210,-1,-1,-1,-1,-1,-1,-1,-1,-1,-1,-1,-1,-1,-1,-1,-1,-1,-1,-1,-1,-1,1,3,A,0.0,DISTID4,60
NFSitka_mineral,A,mineral,YC17_20,False,0,210,0,210,-1,-1,-1,-1,-1,-1,-1,-1,-1,-1,-1,-1,-1,-1,-1,-1,-1,-1,-1,-1,-1,1,3,A,0.0,DISTID4,60
NFSitka_mineral,A,mineral,YC20_24,False,0,210,0,210,-1,-1,-1,-1,-1,-1,-1,-1,-1,-1,-1,-1,-1,-1,-1,-1,-1,-1,-1,-1,-1,1,3,A,0.0,DISTID4,60
NFSitka_mineral,A,mineral,YC24_30,False,0,210,0,210,-1,-1,-1,-1,-1,-1,-1,-1,-1,-1,-1,-1,-1,-1,-1,-1,-1,-1,-1,-1,-1,1,3,A,0.0,DISTID4,60
NFSGB_mineral,A,mineral,YC6,False,0,210,0,210,-1,-1,-1,-1,-1,-1,-1,-1,-1,-1,-1,-1,-1,-1,-1,-1,-1,-1,-1,-1,-1,1,12,A,0.0,DISTID4,60
NFSitka_mineral,A,mineral,YC4_12,False,0,210,0,210,-1,-1,-1,-1,-1,-1,-1,-1,-1,-1,-1,-1,-1,-1,-1,-1,-1,-1,-1,-1,-1,1,3,A,0.0,DISTID4,61
NFSitka_mineral,A,mineral,YC13_16,False,0,210,0,210,-1,-1,-1,-1,-1,-1,-1,-1,-1,-1,-1,-1,-1,-1,-1,-1,-1,-1,-1,-1,-1,1,3,A,0.0,DISTID4,61
NFSitka_mineral,A,mineral,YC17_20,False,0,210,0,210,-1,-1,-1,-1,-1,-1,-1,-1,-1,-1,-1,-1,-1,-1,-1,-1,-1,-1,-1,-1,-1,1,3,A,0.0,DISTID4,61
NFSitka_mineral,A,mineral,YC20_24,False,0,210,0,210,-1,-1,-1,-1,-1,-1,-1,-1,-1,-1,-1,-1,-1,-1,-1,-1,-1,-1,-1,-1,-1,1,3,A,0.0,DISTID4,61
NFSitka_mineral,A,mineral,YC24_30,False,0,210,0,210,-1,-1,-1,-1,-1,-1,-1,-1,-1,-1,-1,-1,-1,-1,-1,-1,-1,-1,-1,-1,-1,1,3,A,0.0,DISTID4,61
NFSGB_mineral,A,mineral,YC6,False,0,210,0,210,-1,-1,-1,-1,-1,-1,-1,-1,-1,-1,-1,-1,-1,-1,-1,-1,-1,-1,-1,-1,-1,1,12,A,0.0,DISTID4,61
NFSitka_mineral,A,mineral,YC4_12,False,0,210,0,210,-1,-1,-1,-1,-1,-1,-1,-1,-1,-1,-1,-1,-1,-1,-1,-1,-1,-1,-1,-1,-1,1,3,A,0.0,DISTID4,62
NFSitka_mineral,A,mineral,YC13_16,False,0,210,0,210,-1,-1,-1,-1,-1,-1,-1,-1,-1,-1,-1,-1,-1,-1,-1,-1,-1,-1,-1,-1,-1,1,3,A,0.0,DISTID4,62
NFSitka_mineral,A,mineral,YC17_20,False,0,210,0,210,-1,-1,-1,-1,-1,-1,-1,-1,-1,-1,-1,-1,-1,-1,-1,-1,-1,-1,-1,-1,-1,1,3,A,0.0,DISTID4,62
NFSitka_mineral,A,mineral,YC20_24,False,0,210,0,210,-1,-1,-1,-1,-1,-1,-1,-1,-1,-1,-1,-1,-1,-1,-1,-1,-1,-1,-1,-1,-1,1,3,A,0.0,DISTID4,62
NFSitka_mineral,A,mineral,YC24_30,False,0,210,0,210,-1,-1,-1,-1,-1,-1,-1,-1,-1,-1,-1,-1,-1,-1,-1,-1,-1,-1,-1,-1,-1,1,3,A,0.0,DISTID4,62
NFSGB_mineral,A,mineral,YC6,False,0,210,0,210,-1,-1,-1,-1,-1,-1,-1,-1,-1,-1,-1,-1,-1,-1,-1,-1,-1,-1,-1,-1,-1,1,12,A,0.0,DISTID4,62
NFSitka_mineral,A,mineral,YC4_12,False,0,210,0,210,-1,-1,-1,-1,-1,-1,-1,-1,-1,-1,-1,-1,-1,-1,-1,-1,-1,-1,-1,-1,-1,1,3,A,0.0,DISTID4,63
NFSitka_mineral,A,mineral,YC13_16,False,0,210,0,210,-1,-1,-1,-1,-1,-1,-1,-1,-1,-1,-1,-1,-1,-1,-1,-1,-1,-1,-1,-1,-1,1,3,A,0.0,DISTID4,63
NFSitka_mineral,A,mineral,YC17_20,False,0,210,0,210,-1,-1,-1,-1,-1,-1,-1,-1,-1,-1,-1,-1,-1,-1,-1,-1,-1,-1,-1,-1,-1,1,3,A,0.0,DISTID4,63
NFSitka_mineral,A,mineral,YC20_24,False,0,210,0,210,-1,-1,-1,-1,-1,-1,-1,-1,-1,-1,-1,-1,-1,-1,-1,-1,-1,-1,-1,-1,-1,1,3,A,0.0,DISTID4,63
NFSitka_mineral,A,mineral,YC24_30,False,0,210,0,210,-1,-1,-1,-1,-1,-1,-1,-1,-1,-1,-1,-1,-1,-1,-1,-1,-1,-1,-1,-1,-1,1,3,A,0.0,DISTID4,63
NFSGB_mineral,A,mineral,YC6,False,0,210,0,210,-1,-1,-1,-1,-1,-1,-1,-1,-1,-1,-1,-1,-1,-1,-1,-1,-1,-1,-1,-1,-1,1,12,A,0.0,DISTID4,63
NFSitka_mineral,A,mineral,YC4_12,False,0,210,0,210,-1,-1,-1,-1,-1,-1,-1,-1,-1,-1,-1,-1,-1,-1,-1,-1,-1,-1,-1,-1,-1,1,3,A,0.0,DISTID4,64
NFSitka_mineral,A,mineral,YC13_16,False,0,210,0,210,-1,-1,-1,-1,-1,-1,-1,-1,-1,-1,-1,-1,-1,-1,-1,-1,-1,-1,-1,-1,-1,1,3,A,0.0,DISTID4,64
NFSitka_mineral,A,mineral,YC17_20,False,0,210,0,210,-1,-1,-1,-1,-1,-1,-1,-1,-1,-1,-1,-1,-1,-1,-1,-1,-1,-1,-1,-1,-1,1,3,A,0.0,DISTID4,64
NFSitka_mineral,A,mineral,YC20_24,False,0,210,0,210,-1,-1,-1,-1,-1,-1,-1,-1,-1,-1,-1,-1,-1,-1,-1,-1,-1,-1,-1,-1,-1,1,3,A,0.0,DISTID4,64
NFSitka_mineral,A,mineral,YC24_30,False,0,210,0,210,-1,-1,-1,-1,-1,-1,-1,-1,-1,-1,-1,-1,-1,-1,-1,-1,-1,-1,-1,-1,-1,1,3,A,0.0,DISTID4,64
NFSGB_mineral,A,mineral,YC6,False,0,210,0,210,-1,-1,-1,-1,-1,-1,-1,-1,-1,-1,-1,-1,-1,-1,-1,-1,-1,-1,-1,-1,-1,1,12,A,0.0,DISTID4,64
NFSitka_mineral,A,mineral,YC4_12,False,0,210,0,210,-1,-1,-1,-1,-1,-1,-1,-1,-1,-1,-1,-1,-1,-1,-1,-1,-1,-1,-1,-1,-1,1,3,A,0.0,DISTID4,65
NFSitka_mineral,A,mineral,YC13_16,False,0,210,0,210,-1,-1,-1,-1,-1,-1,-1,-1,-1,-1,-1,-1,-1,-1,-1,-1,-1,-1,-1,-1,-1,1,3,A,0.0,DISTID4,65
NFSitka_mineral,A,mineral,YC17_20,False,0,210,0,210,-1,-1,-1,-1,-1,-1,-1,-1,-1,-1,-1,-1,-1,-1,-1,-1,-1,-1,-1,-1,-1,1,3,A,0.0,DISTID4,65
NFSitka_mineral,A,mineral,YC20_24,False,0,210,0,210,-1,-1,-1,-1,-1,-1,-1,-1,-1,-1,-1,-1,-1,-1,-1,-1,-1,-1,-1,-1,-1,1,3,A,0.0,DISTID4,65
NFSitka_mineral,A,mineral,YC24_30,False,0,210,0,210,-1,-1,-1,-1,-1,-1,-1,-1,-1,-1,-1,-1,-1,-1,-1,-1,-1,-1,-1,-1,-1,1,3,A,0.0,DISTID4,65
NFSGB_mineral,A,mineral,YC6,False,0,210,0,210,-1,-1,-1,-1,-1,-1,-1,-1,-1,-1,-1,-1,-1,-1,-1,-1,-1,-1,-1,-1,-1,1,12,A,0.0,DISTID4,65
NFSitka_mineral,A,mineral,YC4_12,False,0,210,0,210,-1,-1,-1,-1,-1,-1,-1,-1,-1,-1,-1,-1,-1,-1,-1,-1,-1,-1,-1,-1,-1,1,3,A,0.0,DISTID4,66
NFSitka_mineral,A,mineral,YC13_16,False,0,210,0,210,-1,-1,-1,-1,-1,-1,-1,-1,-1,-1,-1,-1,-1,-1,-1,-1,-1,-1,-1,-1,-1,1,3,A,0.0,DISTID4,66
NFSitka_mineral,A,mineral,YC17_20,False,0,210,0,210,-1,-1,-1,-1,-1,-1,-1,-1,-1,-1,-1,-1,-1,-1,-1,-1,-1,-1,-1,-1,-1,1,3,A,0.0,DISTID4,66
NFSitka_mineral,A,mineral,YC20_24,False,0,210,0,210,-1,-1,-1,-1,-1,-1,-1,-1,-1,-1,-1,-1,-1,-1,-1,-1,-1,-1,-1,-1,-1,1,3,A,0.0,DISTID4,66
NFSitka_mineral,A,mineral,YC24_30,False,0,210,0,210,-1,-1,-1,-1,-1,-1,-1,-1,-1,-1,-1,-1,-1,-1,-1,-1,-1,-1,-1,-1,-1,1,3,A,0.0,DISTID4,66
NFSGB_mineral,A,mineral,YC6,False,0,210,0,210,-1,-1,-1,-1,-1,-1,-1,-1,-1,-1,-1,-1,-1,-1,-1,-1,-1,-1,-1,-1,-1,1,12,A,0.0,DISTID4,66
NFSitka_mineral,A,mineral,YC4_12,False,0,210,0,210,-1,-1,-1,-1,-1,-1,-1,-1,-1,-1,-1,-1,-1,-1,-1,-1,-1,-1,-1,-1,-1,1,3,A,0.0,DISTID4,67
NFSitka_mineral,A,mineral,YC13_16,False,0,210,0,210,-1,-1,-1,-1,-1,-1,-1,-1,-1,-1,-1,-1,-1,-1,-1,-1,-1,-1,-1,-1,-1,1,3,A,0.0,DISTID4,67
NFSitka_mineral,A,mineral,YC17_20,False,0,210,0,210,-1,-1,-1,-1,-1,-1,-1,-1,-1,-1,-1,-1,-1,-1,-1,-1,-1,-1,-1,-1,-1,1,3,A,0.0,DISTID4,67
NFSitka_mineral,A,mineral,YC20_24,False,0,210,0,210,-1,-1,-1,-1,-1,-1,-1,-1,-1,-1,-1,-1,-1,-1,-1,-1,-1,-1,-1,-1,-1,1,3,A,0.0,DISTID4,67
NFSitka_mineral,A,mineral,YC24_30,False,0,210,0,210,-1,-1,-1,-1,-1,-1,-1,-1,-1,-1,-1,-1,-1,-1,-1,-1,-1,-1,-1,-1,-1,1,3,A,0.0,DISTID4,67
NFSGB_mineral,A,mineral,YC6,False,0,210,0,210,-1,-1,-1,-1,-1,-1,-1,-1,-1,-1,-1,-1,-1,-1,-1,-1,-1,-1,-1,-1,-1,1,12,A,0.0,DISTID4,67
NFSitka_mineral,A,mineral,YC4_12,False,0,210,0,210,-1,-1,-1,-1,-1,-1,-1,-1,-1,-1,-1,-1,-1,-1,-1,-1,-1,-1,-1,-1,-1,1,3,A,0.0,DISTID4,68
NFSitka_mineral,A,mineral,YC13_16,False,0,210,0,210,-1,-1,-1,-1,-1,-1,-1,-1,-1,-1,-1,-1,-1,-1,-1,-1,-1,-1,-1,-1,-1,1,3,A,0.0,DISTID4,68
NFSitka_mineral,A,mineral,YC17_20,False,0,210,0,210,-1,-1,-1,-1,-1,-1,-1,-1,-1,-1,-1,-1,-1,-1,-1,-1,-1,-1,-1,-1,-1,1,3,A,0.0,DISTID4,68
NFSitka_mineral,A,mineral,YC20_24,False,0,210,0,210,-1,-1,-1,-1,-1,-1,-1,-1,-1,-1,-1,-1,-1,-1,-1,-1,-1,-1,-1,-1,-1,1,3,A,0.0,DISTID4,68
NFSitka_mineral,A,mineral,YC24_30,False,0,210,0,210,-1,-1,-1,-1,-1,-1,-1,-1,-1,-1,-1,-1,-1,-1,-1,-1,-1,-1,-1,-1,-1,1,3,A,0.0,DISTID4,68
NFSGB_mineral,A,mineral,YC6,False,0,210,0,210,-1,-1,-1,-1,-1,-1,-1,-1,-1,-1,-1,-1,-1,-1,-1,-1,-1,-1,-1,-1,-1,1,12,A,0.0,DISTID4,68
NFSitka_mineral,A,mineral,YC4_12,False,0,210,0,210,-1,-1,-1,-1,-1,-1,-1,-1,-1,-1,-1,-1,-1,-1,-1,-1,-1,-1,-1,-1,-1,1,3,A,0.0,DISTID4,69
NFSitka_mineral,A,mineral,YC13_16,False,0,210,0,210,-1,-1,-1,-1,-1,-1,-1,-1,-1,-1,-1,-1,-1,-1,-1,-1,-1,-1,-1,-1,-1,1,3,A,0.0,DISTID4,69
NFSitka_mineral,A,mineral,YC17_20,False,0,210,0,210,-1,-1,-1,-1,-1,-1,-1,-1,-1,-1,-1,-1,-1,-1,-1,-1,-1,-1,-1,-1,-1,1,3,A,0.0,DISTID4,69
NFSitka_mineral,A,mineral,YC20_24,False,0,210,0,210,-1,-1,-1,-1,-1,-1,-1,-1,-1,-1,-1,-1,-1,-1,-1,-1,-1,-1,-1,-1,-1,1,3,A,0.0,DISTID4,69
NFSitka_mineral,A,mineral,YC24_30,False,0,210,0,210,-1,-1,-1,-1,-1,-1,-1,-1,-1,-1,-1,-1,-1,-1,-1,-1,-1,-1,-1,-1,-1,1,3,A,0.0,DISTID4,69
NFSGB_mineral,A,mineral,YC6,False,0,210,0,210,-1,-1,-1,-1,-1,-1,-1,-1,-1,-1,-1,-1,-1,-1,-1,-1,-1,-1,-1,-1,-1,1,12,A,0.0,DISTID4,69
NFSitka_mineral,A,mineral,YC4_12,False,0,210,0,210,-1,-1,-1,-1,-1,-1,-1,-1,-1,-1,-1,-1,-1,-1,-1,-1,-1,-1,-1,-1,-1,1,3,A,0.0,DISTID4,70
NFSitka_mineral,A,mineral,YC13_16,False,0,210,0,210,-1,-1,-1,-1,-1,-1,-1,-1,-1,-1,-1,-1,-1,-1,-1,-1,-1,-1,-1,-1,-1,1,3,A,0.0,DISTID4,70
NFSitka_mineral,A,mineral,YC17_20,False,0,210,0,210,-1,-1,-1,-1,-1,-1,-1,-1,-1,-1,-1,-1,-1,-1,-1,-1,-1,-1,-1,-1,-1,1,3,A,0.0,DISTID4,70
NFSitka_mineral,A,mineral,YC20_24,False,0,210,0,210,-1,-1,-1,-1,-1,-1,-1,-1,-1,-1,-1,-1,-1,-1,-1,-1,-1,-1,-1,-1,-1,1,3,A,0.0,DISTID4,70
NFSitka_mineral,A,mineral,YC24_30,False,0,210,0,210,-1,-1,-1,-1,-1,-1,-1,-1,-1,-1,-1,-1,-1,-1,-1,-1,-1,-1,-1,-1,-1,1,3,A,0.0,DISTID4,70
NFSGB_mineral,A,mineral,YC6,False,0,210,0,210,-1,-1,-1,-1,-1,-1,-1,-1,-1,-1,-1,-1,-1,-1,-1,-1,-1,-1,-1,-1,-1,1,12,A,0.0,DISTID4,70
NFSitka_mineral,A,mineral,YC4_12,False,0,210,0,210,-1,-1,-1,-1,-1,-1,-1,-1,-1,-1,-1,-1,-1,-1,-1,-1,-1,-1,-1,-1,-1,1,3,A,0.0,DISTID4,71
NFSitka_mineral,A,mineral,YC13_16,False,0,210,0,210,-1,-1,-1,-1,-1,-1,-1,-1,-1,-1,-1,-1,-1,-1,-1,-1,-1,-1,-1,-1,-1,1,3,A,0.0,DISTID4,71
NFSitka_mineral,A,mineral,YC17_20,False,0,210,0,210,-1,-1,-1,-1,-1,-1,-1,-1,-1,-1,-1,-1,-1,-1,-1,-1,-1,-1,-1,-1,-1,1,3,A,0.0,DISTID4,71
NFSitka_mineral,A,mineral,YC20_24,False,0,210,0,210,-1,-1,-1,-1,-1,-1,-1,-1,-1,-1,-1,-1,-1,-1,-1,-1,-1,-1,-1,-1,-1,1,3,A,0.0,DISTID4,71
NFSitka_mineral,A,mineral,YC24_30,False,0,210,0,210,-1,-1,-1,-1,-1,-1,-1,-1,-1,-1,-1,-1,-1,-1,-1,-1,-1,-1,-1,-1,-1,1,3,A,0.0,DISTID4,71
NFSGB_mineral,A,mineral,YC6,False,0,210,0,210,-1,-1,-1,-1,-1,-1,-1,-1,-1,-1,-1,-1,-1,-1,-1,-1,-1,-1,-1,-1,-1,1,12,A,0.0,DISTID4,71
NFSitka_mineral,A,mineral,YC4_12,False,0,210,0,210,-1,-1,-1,-1,-1,-1,-1,-1,-1,-1,-1,-1,-1,-1,-1,-1,-1,-1,-1,-1,-1,1,3,A,0.0,DISTID4,72
NFSitka_mineral,A,mineral,YC13_16,False,0,210,0,210,-1,-1,-1,-1,-1,-1,-1,-1,-1,-1,-1,-1,-1,-1,-1,-1,-1,-1,-1,-1,-1,1,3,A,0.0,DISTID4,72
NFSitka_mineral,A,mineral,YC17_20,False,0,210,0,210,-1,-1,-1,-1,-1,-1,-1,-1,-1,-1,-1,-1,-1,-1,-1,-1,-1,-1,-1,-1,-1,1,3,A,0.0,DISTID4,72
NFSitka_mineral,A,mineral,YC20_24,False,0,210,0,210,-1,-1,-1,-1,-1,-1,-1,-1,-1,-1,-1,-1,-1,-1,-1,-1,-1,-1,-1,-1,-1,1,3,A,0.0,DISTID4,72
NFSitka_mineral,A,mineral,YC24_30,False,0,210,0,210,-1,-1,-1,-1,-1,-1,-1,-1,-1,-1,-1,-1,-1,-1,-1,-1,-1,-1,-1,-1,-1,1,3,A,0.0,DISTID4,72
NFSGB_mineral,A,mineral,YC6,False,0,210,0,210,-1,-1,-1,-1,-1,-1,-1,-1,-1,-1,-1,-1,-1,-1,-1,-1,-1,-1,-1,-1,-1,1,12,A,0.0,DISTID4,72
NFSitka_mineral,A,mineral,YC4_12,False,0,210,0,210,-1,-1,-1,-1,-1,-1,-1,-1,-1,-1,-1,-1,-1,-1,-1,-1,-1,-1,-1,-1,-1,1,3,A,0.0,DISTID4,73
NFSitka_mineral,A,mineral,YC13_16,False,0,210,0,210,-1,-1,-1,-1,-1,-1,-1,-1,-1,-1,-1,-1,-1,-1,-1,-1,-1,-1,-1,-1,-1,1,3,A,0.0,DISTID4,73
NFSitka_mineral,A,mineral,YC17_20,False,0,210,0,210,-1,-1,-1,-1,-1,-1,-1,-1,-1,-1,-1,-1,-1,-1,-1,-1,-1,-1,-1,-1,-1,1,3,A,0.0,DISTID4,73
NFSitka_mineral,A,mineral,YC20_24,False,0,210,0,210,-1,-1,-1,-1,-1,-1,-1,-1,-1,-1,-1,-1,-1,-1,-1,-1,-1,-1,-1,-1,-1,1,3,A,0.0,DISTID4,73
NFSitka_mineral,A,mineral,YC24_30,False,0,210,0,210,-1,-1,-1,-1,-1,-1,-1,-1,-1,-1,-1,-1,-1,-1,-1,-1,-1,-1,-1,-1,-1,1,3,A,0.0,DISTID4,73
NFSGB_mineral,A,mineral,YC6,False,0,210,0,210,-1,-1,-1,-1,-1,-1,-1,-1,-1,-1,-1,-1,-1,-1,-1,-1,-1,-1,-1,-1,-1,1,12,A,0.0,DISTID4,73
NFSitka_mineral,A,mineral,YC4_12,False,0,210,0,210,-1,-1,-1,-1,-1,-1,-1,-1,-1,-1,-1,-1,-1,-1,-1,-1,-1,-1,-1,-1,-1,1,3,A,0.0,DISTID4,74
NFSitka_mineral,A,mineral,YC13_16,False,0,210,0,210,-1,-1,-1,-1,-1,-1,-1,-1,-1,-1,-1,-1,-1,-1,-1,-1,-1,-1,-1,-1,-1,1,3,A,0.0,DISTID4,74
NFSitka_mineral,A,mineral,YC17_20,False,0,210,0,210,-1,-1,-1,-1,-1,-1,-1,-1,-1,-1,-1,-1,-1,-1,-1,-1,-1,-1,-1,-1,-1,1,3,A,0.0,DISTID4,74
NFSitka_mineral,A,mineral,YC20_24,False,0,210,0,210,-1,-1,-1,-1,-1,-1,-1,-1,-1,-1,-1,-1,-1,-1,-1,-1,-1,-1,-1,-1,-1,1,3,A,0.0,DISTID4,74
NFSitka_mineral,A,mineral,YC24_30,False,0,210,0,210,-1,-1,-1,-1,-1,-1,-1,-1,-1,-1,-1,-1,-1,-1,-1,-1,-1,-1,-1,-1,-1,1,3,A,0.0,DISTID4,74
NFSGB_mineral,A,mineral,YC6,False,0,210,0,210,-1,-1,-1,-1,-1,-1,-1,-1,-1,-1,-1,-1,-1,-1,-1,-1,-1,-1,-1,-1,-1,1,12,A,0.0,DISTID4,74
NFSitka_mineral,A,mineral,YC4_12,False,0,210,0,210,-1,-1,-1,-1,-1,-1,-1,-1,-1,-1,-1,-1,-1,-1,-1,-1,-1,-1,-1,-1,-1,1,3,A,0.0,DISTID4,75
NFSitka_mineral,A,mineral,YC13_16,False,0,210,0,210,-1,-1,-1,-1,-1,-1,-1,-1,-1,-1,-1,-1,-1,-1,-1,-1,-1,-1,-1,-1,-1,1,3,A,0.0,DISTID4,75
NFSitka_mineral,A,mineral,YC17_20,False,0,210,0,210,-1,-1,-1,-1,-1,-1,-1,-1,-1,-1,-1,-1,-1,-1,-1,-1,-1,-1,-1,-1,-1,1,3,A,0.0,DISTID4,75
NFSitka_mineral,A,mineral,YC20_24,False,0,210,0,210,-1,-1,-1,-1,-1,-1,-1,-1,-1,-1,-1,-1,-1,-1,-1,-1,-1,-1,-1,-1,-1,1,3,A,0.0,DISTID4,75
NFSitka_mineral,A,mineral,YC24_30,False,0,210,0,210,-1,-1,-1,-1,-1,-1,-1,-1,-1,-1,-1,-1,-1,-1,-1,-1,-1,-1,-1,-1,-1,1,3,A,0.0,DISTID4,75
NFSGB_mineral,A,mineral,YC6,False,0,210,0,210,-1,-1,-1,-1,-1,-1,-1,-1,-1,-1,-1,-1,-1,-1,-1,-1,-1,-1,-1,-1,-1,1,12,A,0.0,DISTID4,75
NFSitka_mineral,A,mineral,YC4_12,False,0,210,0,210,-1,-1,-1,-1,-1,-1,-1,-1,-1,-1,-1,-1,-1,-1,-1,-1,-1,-1,-1,-1,-1,1,3,A,0.0,DISTID4,76
NFSitka_mineral,A,mineral,YC13_16,False,0,210,0,210,-1,-1,-1,-1,-1,-1,-1,-1,-1,-1,-1,-1,-1,-1,-1,-1,-1,-1,-1,-1,-1,1,3,A,0.0,DISTID4,76
NFSitka_mineral,A,mineral,YC17_20,False,0,210,0,210,-1,-1,-1,-1,-1,-1,-1,-1,-1,-1,-1,-1,-1,-1,-1,-1,-1,-1,-1,-1,-1,1,3,A,0.0,DISTID4,76
NFSitka_mineral,A,mineral,YC20_24,False,0,210,0,210,-1,-1,-1,-1,-1,-1,-1,-1,-1,-1,-1,-1,-1,-1,-1,-1,-1,-1,-1,-1,-1,1,3,A,0.0,DISTID4,76
NFSitka_mineral,A,mineral,YC24_30,False,0,210,0,210,-1,-1,-1,-1,-1,-1,-1,-1,-1,-1,-1,-1,-1,-1,-1,-1,-1,-1,-1,-1,-1,1,3,A,0.0,DISTID4,76
NFSGB_mineral,A,mineral,YC6,False,0,210,0,210,-1,-1,-1,-1,-1,-1,-1,-1,-1,-1,-1,-1,-1,-1,-1,-1,-1,-1,-1,-1,-1,1,12,A,0.0,DISTID4,76
NFSitka_mineral,A,mineral,YC4_12,False,0,210,0,210,-1,-1,-1,-1,-1,-1,-1,-1,-1,-1,-1,-1,-1,-1,-1,-1,-1,-1,-1,-1,-1,1,3,A,0.0,DISTID4,77
NFSitka_mineral,A,mineral,YC13_16,False,0,210,0,210,-1,-1,-1,-1,-1,-1,-1,-1,-1,-1,-1,-1,-1,-1,-1,-1,-1,-1,-1,-1,-1,1,3,A,0.0,DISTID4,77
NFSitka_mineral,A,mineral,YC17_20,False,0,210,0,210,-1,-1,-1,-1,-1,-1,-1,-1,-1,-1,-1,-1,-1,-1,-1,-1,-1,-1,-1,-1,-1,1,3,A,0.0,DISTID4,77
NFSitka_mineral,A,mineral,YC20_24,False,0,210,0,210,-1,-1,-1,-1,-1,-1,-1,-1,-1,-1,-1,-1,-1,-1,-1,-1,-1,-1,-1,-1,-1,1,3,A,0.0,DISTID4,77
NFSitka_mineral,A,mineral,YC24_30,False,0,210,0,210,-1,-1,-1,-1,-1,-1,-1,-1,-1,-1,-1,-1,-1,-1,-1,-1,-1,-1,-1,-1,-1,1,3,A,0.0,DISTID4,77
NFSGB_mineral,A,mineral,YC6,False,0,210,0,210,-1,-1,-1,-1,-1,-1,-1,-1,-1,-1,-1,-1,-1,-1,-1,-1,-1,-1,-1,-1,-1,1,12,A,0.0,DISTID4,77
NFSitka_mineral,A,mineral,YC4_12,False,0,210,0,210,-1,-1,-1,-1,-1,-1,-1,-1,-1,-1,-1,-1,-1,-1,-1,-1,-1,-1,-1,-1,-1,1,3,A,0.0,DISTID4,78
NFSitka_mineral,A,mineral,YC13_16,False,0,210,0,210,-1,-1,-1,-1,-1,-1,-1,-1,-1,-1,-1,-1,-1,-1,-1,-1,-1,-1,-1,-1,-1,1,3,A,0.0,DISTID4,78
NFSitka_mineral,A,mineral,YC17_20,False,0,210,0,210,-1,-1,-1,-1,-1,-1,-1,-1,-1,-1,-1,-1,-1,-1,-1,-1,-1,-1,-1,-1,-1,1,3,A,0.0,DISTID4,78
NFSitka_mineral,A,mineral,YC20_24,False,0,210,0,210,-1,-1,-1,-1,-1,-1,-1,-1,-1,-1,-1,-1,-1,-1,-1,-1,-1,-1,-1,-1,-1,1,3,A,0.0,DISTID4,78
NFSitka_mineral,A,mineral,YC24_30,False,0,210,0,210,-1,-1,-1,-1,-1,-1,-1,-1,-1,-1,-1,-1,-1,-1,-1,-1,-1,-1,-1,-1,-1,1,3,A,0.0,DISTID4,78
NFSGB_mineral,A,mineral,YC6,False,0,210,0,210,-1,-1,-1,-1,-1,-1,-1,-1,-1,-1,-1,-1,-1,-1,-1,-1,-1,-1,-1,-1,-1,1,12,A,0.0,DISTID4,78
NFSitka_mineral,A,mineral,YC4_12,False,0,210,0,210,-1,-1,-1,-1,-1,-1,-1,-1,-1,-1,-1,-1,-1,-1,-1,-1,-1,-1,-1,-1,-1,1,3,A,0.0,DISTID4,79
NFSitka_mineral,A,mineral,YC13_16,False,0,210,0,210,-1,-1,-1,-1,-1,-1,-1,-1,-1,-1,-1,-1,-1,-1,-1,-1,-1,-1,-1,-1,-1,1,3,A,0.0,DISTID4,79
NFSitka_mineral,A,mineral,YC17_20,False,0,210,0,210,-1,-1,-1,-1,-1,-1,-1,-1,-1,-1,-1,-1,-1,-1,-1,-1,-1,-1,-1,-1,-1,1,3,A,0.0,DISTID4,79
NFSitka_mineral,A,mineral,YC20_24,False,0,210,0,210,-1,-1,-1,-1,-1,-1,-1,-1,-1,-1,-1,-1,-1,-1,-1,-1,-1,-1,-1,-1,-1,1,3,A,0.0,DISTID4,79
NFSitka_mineral,A,mineral,YC24_30,False,0,210,0,210,-1,-1,-1,-1,-1,-1,-1,-1,-1,-1,-1,-1,-1,-1,-1,-1,-1,-1,-1,-1,-1,1,3,A,0.0,DISTID4,79
NFSGB_mineral,A,mineral,YC6,False,0,210,0,210,-1,-1,-1,-1,-1,-1,-1,-1,-1,-1,-1,-1,-1,-1,-1,-1,-1,-1,-1,-1,-1,1,12,A,0.0,DISTID4,79
NFSitka_mineral,A,mineral,YC4_12,False,0,210,0,210,-1,-1,-1,-1,-1,-1,-1,-1,-1,-1,-1,-1,-1,-1,-1,-1,-1,-1,-1,-1,-1,1,3,A,0.0,DISTID4,80
NFSitka_mineral,A,mineral,YC13_16,False,0,210,0,210,-1,-1,-1,-1,-1,-1,-1,-1,-1,-1,-1,-1,-1,-1,-1,-1,-1,-1,-1,-1,-1,1,3,A,0.0,DISTID4,80
NFSitka_mineral,A,mineral,YC17_20,False,0,210,0,210,-1,-1,-1,-1,-1,-1,-1,-1,-1,-1,-1,-1,-1,-1,-1,-1,-1,-1,-1,-1,-1,1,3,A,0.0,DISTID4,80
NFSitka_mineral,A,mineral,YC20_24,False,0,210,0,210,-1,-1,-1,-1,-1,-1,-1,-1,-1,-1,-1,-1,-1,-1,-1,-1,-1,-1,-1,-1,-1,1,3,A,0.0,DISTID4,80
NFSitka_mineral,A,mineral,YC24_30,False,0,210,0,210,-1,-1,-1,-1,-1,-1,-1,-1,-1,-1,-1,-1,-1,-1,-1,-1,-1,-1,-1,-1,-1,1,3,A,0.0,DISTID4,80
NFSGB_mineral,A,mineral,YC6,False,0,210,0,210,-1,-1,-1,-1,-1,-1,-1,-1,-1,-1,-1,-1,-1,-1,-1,-1,-1,-1,-1,-1,-1,1,12,A,0.0,DISTID4,80
